{
  "train_losses": [
    2.177868375015259,
    1.9118853805541993,
    1.7814501039505004,
    1.700876173019409,
    1.6361147033691406,
    1.5804859531402589,
    1.4883785081863403,
    1.4647649255752564,
    1.4137000677108764,
    1.3893875736236572,
    1.361976674079895,
    1.342301025390625,
    1.2826116231918334,
    1.2909411861419677,
    1.2508260814666747,
    1.2174501361846923,
    1.1833682357788087,
    1.1441537197113036,
    1.121685636138916,
    1.1356455184936523,
    1.0958743785858154,
    1.0638470378875733,
    1.0252003288269043,
    1.0352417281150819,
    1.0151559938430785,
    0.9866718723297119,
    0.9786401369094848,
    0.9286983583450318,
    0.8976645238876343,
    0.9030873435974122
  ],
  "val_losses": [
    0.028921813654899597,
    0.02518702129125595,
    0.023041396224498748,
    0.02323512190580368,
    0.022098400747776033,
    0.020782351672649385,
    0.019231606531143187,
    0.019348420441150666,
    0.019153969234228133,
    0.0198101176738739,
    0.018066387641429902,
    0.017647304940223693,
    0.023922902631759644,
    0.018151680928468705,
    0.01665672921538353,
    0.016489241605997084,
    0.016198971956968306,
    0.01578071708083153,
    0.017157455968856813,
    0.015892942810058593,
    0.017055103409290312,
    0.017717418724298478,
    0.016882263547182082,
    0.016247132301330566,
    0.015160116630792617,
    0.016167316496372222,
    0.015251048970222473,
    0.016749183493852616,
    0.016406365078687667,
    0.01504308918118477
  ],
  "val_accuracies": [
    33.13,
    41.12,
    48.15,
    45.61,
    48.98,
    51.49,
    55.78,
    54.7,
    56.95,
    55.99,
    58.21,
    60.07,
    51.5,
    58.73,
    62.34,
    62.32,
    63.38,
    64.13,
    61.44,
    64.29,
    63.2,
    61.34,
    62.6,
    64.16,
    66.15,
    64.99,
    66.22,
    63.78,
    65.11,
    66.76
  ],
  "best_accuracy": 66.76,
  "percentage": 0.1,
  "combo": "auto_augment"
}