{
  "train_losses": [
    1.8492595105743408,
    1.537354928855896,
    1.4148792322540282,
    1.3366276374053956,
    1.2625999968338013,
    1.2156295254135132,
    1.1783798380279542,
    1.1436259587860107,
    1.1086556186676026,
    1.087318874092102,
    1.0520188570404052,
    1.034538150100708,
    1.0046417177009583,
    0.9810498299789429,
    0.966359160232544,
    0.9483881068038941,
    0.9297575930023193,
    0.9136947951316834,
    0.8915525818252563,
    0.880950484905243,
    0.8626740067672729,
    0.8534501434326172,
    0.8305365696334839,
    0.8152592392539978,
    0.8029421411514283,
    0.7895996076583862,
    0.7871998985671997,
    0.7733884201049804,
    0.7609757269668579,
    0.7377761955451966
  ],
  "val_losses": [
    0.020922566163539887,
    0.017788374286890028,
    0.016466689932346346,
    0.015283004832267761,
    0.014988011491298676,
    0.014103121364116669,
    0.013000470209121704,
    0.014082512247562408,
    0.013079876545071601,
    0.013058743220567702,
    0.013244433230161667,
    0.01181061371564865,
    0.012331860899925232,
    0.011533555588126182,
    0.012360352233052254,
    0.011346902713179589,
    0.01149916812479496,
    0.011147661074995995,
    0.01175773288309574,
    0.01095040512084961,
    0.011274119564890862,
    0.011575809308886529,
    0.01071866389811039,
    0.011266823807358741,
    0.011059068620204926,
    0.011327043211460113,
    0.010702789697051048,
    0.011117323538661003,
    0.010632794308662414,
    0.010495637959241867
  ],
  "val_accuracies": [
    51.72,
    58.82,
    62.06,
    66.05,
    66.81,
    69.83,
    70.71,
    68.38,
    70.7,
    71.02,
    70.7,
    73.67,
    72.1,
    74.24,
    73.27,
    74.8,
    74.82,
    74.58,
    74.31,
    75.77,
    74.96,
    74.66,
    76.44,
    75.59,
    75.66,
    75.63,
    76.72,
    76.13,
    76.89,
    77.06
  ],
  "best_accuracy": 77.06,
  "percentage": 0.5,
  "combo": "auto_augment"
}