{
  "train_losses": [
    2.168621925163269,
    1.9130936780929566,
    1.8183129386901855,
    1.7793001434326172,
    1.7881428970336914,
    1.765890710067749,
    1.7666829761505127,
    1.699949070739746,
    1.6944712272644042,
    1.6778666687011718,
    1.6336877353668213,
    1.6102057817459106,
    1.5920211235046386,
    1.6042378969192506,
    1.612502336883545,
    1.5054058292388917,
    1.5849803230285644,
    1.5554833059310913,
    1.4927740459442138,
    1.5495987770080566,
    1.4629730735778808,
    1.4918023250579835,
    1.4573272869110108,
    1.4806468448638916,
    1.4723301637649535,
    1.4777245065689086,
    1.499385659980774,
    1.4058489028930663,
    1.4498102949142455,
    1.4429488876342773
  ],
  "val_losses": [
    0.03032821592092514,
    0.026378188610076906,
    0.024303311967849732,
    0.023707167541980743,
    0.023414534091949463,
    0.024197791719436645,
    0.020979702222347258,
    0.022338002824783324,
    0.02088983508348465,
    0.021456525266170503,
    0.022472194254398347,
    0.018792356687784194,
    0.019774826836585997,
    0.019947106820344927,
    0.018259615069627762,
    0.020883943223953247,
    0.018880057460069655,
    0.017946774679422378,
    0.017155394339561463,
    0.017468499624729156,
    0.0187878731071949,
    0.018400780260562896,
    0.016364453947544096,
    0.01695952434539795,
    0.015873963475227355,
    0.01609833173751831,
    0.01768277487158775,
    0.016156364279985427,
    0.016762823659181594,
    0.016261223298311235
  ],
  "val_accuracies": [
    27.38,
    39.59,
    42.22,
    42.8,
    44.53,
    44.52,
    51.33,
    48.13,
    51.29,
    49.41,
    48.5,
    56.26,
    55.05,
    53.19,
    58.84,
    51.89,
    58.89,
    58.06,
    61.05,
    61.07,
    56.98,
    58.51,
    62.46,
    62.04,
    64.06,
    65.96,
    62.26,
    63.65,
    61.86,
    64.01
  ],
  "best_accuracy": 65.96,
  "percentage": 0.1,
  "combo": "flip_crop_cutmix"
}