{
  "train_losses": [
    2.0899681951522826,
    1.8610225265502929,
    1.759902521133423,
    1.6831314632415773,
    1.6587138149261476,
    1.6199750373840331,
    1.5902990049362182,
    1.5546200538635253,
    1.5601005096435547,
    1.5236401971817017,
    1.4710959939956665,
    1.4482379051208496,
    1.4404032581329345,
    1.3865042503356935,
    1.3680624534606933,
    1.3651393690109253,
    1.3452382549285888,
    1.3393719055175781,
    1.2945957444190979,
    1.2653318311691284,
    1.2720451637268066,
    1.2452753444671631,
    1.2519450420379639,
    1.2220690559387206,
    1.2129258647918701,
    1.170312327003479,
    1.1758265174865723,
    1.1466321228027343,
    1.1381219577789308,
    1.1451915531158448
  ],
  "val_losses": [
    0.028541246664524077,
    0.026658022594451904,
    0.02473689147233963,
    0.023804266190528868,
    0.02324584424495697,
    0.023709247279167175,
    0.020774589788913726,
    0.0221598353266716,
    0.021104090821743013,
    0.020308039832115172,
    0.019414204394817353,
    0.02027880154848099,
    0.01965107560157776,
    0.01826616168022156,
    0.019756540930271148,
    0.01898992176055908,
    0.019459355729818346,
    0.017716464310884476,
    0.017394650888442994,
    0.018337362265586854,
    0.017662950611114503,
    0.0169932304084301,
    0.017521393138170242,
    0.01678677799105644,
    0.016609490674734117,
    0.01607838869690895,
    0.015713379150629044,
    0.016275226241350173,
    0.016889551866054536,
    0.018037024521827698
  ],
  "val_accuracies": [
    30.62,
    36.68,
    42.53,
    42.33,
    45.05,
    44.96,
    52.05,
    47.6,
    51.36,
    53.14,
    54.31,
    53.48,
    54.29,
    57.81,
    54.79,
    56.24,
    54.74,
    58.58,
    60.21,
    57.46,
    60.28,
    61.14,
    59.98,
    62.14,
    62.59,
    62.96,
    64.18,
    63.15,
    61.8,
    60.52
  ],
  "best_accuracy": 64.18,
  "percentage": 0.1,
  "combo": "rotation_color_crop"
}