{
  "train_losses": [
    2.1534597679138185,
    1.9069659744262695,
    1.7618783012390136,
    1.7292659601211549,
    1.6987023284912108,
    1.7134738998413086,
    1.6754889371871948,
    1.6648849670410155,
    1.5945539516448974,
    1.6113032554626465,
    1.560735643386841,
    1.5391529670715332,
    1.5101441047668458,
    1.5191591693878175,
    1.6028101387023925,
    1.478747728729248,
    1.4728583429336548,
    1.449320654296875,
    1.4754426788330077,
    1.4399176473617554,
    1.3564624814987183,
    1.3882015468597413,
    1.412723323059082,
    1.3968747152328491,
    1.3774592863082886,
    1.333484244441986,
    1.3801817420959472,
    1.315906877708435,
    1.3421277683258057,
    1.3149093383789063
  ],
  "val_losses": [
    0.02744237620830536,
    0.024417074370384217,
    0.02356993021965027,
    0.023101886224746702,
    0.02186732341051102,
    0.021270960652828217,
    0.02073124325275421,
    0.01947853609919548,
    0.02043840800523758,
    0.01883831971883774,
    0.01904471954703331,
    0.018557003206014635,
    0.017956821542978285,
    0.018636632132530213,
    0.017960000908374785,
    0.017425093173980714,
    0.01748031760454178,
    0.016491480231285095,
    0.017088590520620346,
    0.016774782592058182,
    0.015964947146177293,
    0.016566100341081618,
    0.01612462569475174,
    0.01601505737900734,
    0.01599474443793297,
    0.016277917128801347,
    0.01754952110648155,
    0.016157274216413497,
    0.014955060583353042,
    0.015323774218559265
  ],
  "val_accuracies": [
    35.53,
    43.63,
    44.83,
    46.84,
    51.15,
    50.75,
    51.29,
    56.06,
    54.22,
    55.87,
    57.93,
    57.57,
    59.69,
    57.17,
    59.28,
    62.4,
    61.43,
    62.73,
    61.83,
    62.87,
    64.26,
    64.76,
    64.03,
    64.96,
    63.82,
    65.76,
    62.24,
    64.47,
    66.65,
    67.06
  ],
  "best_accuracy": 67.06,
  "percentage": 0.1,
  "combo": "flip_rotation_cutmix"
}