{
  "train_losses": [
    2.0249256080627442,
    1.7312190589904786,
    1.6034164474487305,
    1.5412977392196656,
    1.461582637500763,
    1.4077485233306886,
    1.3606677654266357,
    1.310337707901001,
    1.2819728916168214,
    1.245732523536682,
    1.1953743970870971,
    1.1906872527122498,
    1.1599575317382813,
    1.1211936861038208,
    1.0919133308410645,
    1.0952633047103881,
    1.0466189756393434,
    1.030295245361328,
    1.0348434054374696,
    1.000656904029846,
    0.9881618835449218,
    0.9581116897583007,
    0.9457129052162171,
    0.9679755941390992,
    0.9021485956192017,
    0.9003773586273194,
    0.8816669086456299,
    0.8819871112823486,
    0.8759075542449951,
    0.8371405287742615
  ],
  "val_losses": [
    0.026344930505752564,
    0.023412147891521455,
    0.0230253421664238,
    0.02108178232908249,
    0.021676247251033783,
    0.020295939457416534,
    0.020333444249629976,
    0.018409949415922167,
    0.01821297096014023,
    0.018221454691886903,
    0.018101794219017028,
    0.01960759455561638,
    0.017174756252765655,
    0.016665560418367385,
    0.01892088934779167,
    0.015511218857765198,
    0.01586176897883415,
    0.016203483492136003,
    0.01567825058698654,
    0.016826372718811034,
    0.01620133534669876,
    0.01553498621582985,
    0.015530310839414597,
    0.01650141234397888,
    0.01460340256690979,
    0.015237587261199951,
    0.014215684479475021,
    0.013777856194972992,
    0.014808375579118729,
    0.014007045686244965
  ],
  "val_accuracies": [
    37.61,
    46.27,
    45.1,
    49.81,
    49.23,
    52.47,
    53.69,
    56.79,
    58.07,
    59.09,
    58.34,
    56.42,
    61.24,
    62.06,
    57.71,
    64.87,
    64.02,
    63.99,
    64.61,
    62.55,
    65.46,
    65.09,
    66.09,
    62.91,
    68.1,
    66.31,
    68.43,
    69.07,
    67.44,
    69.47
  ],
  "best_accuracy": 69.47,
  "percentage": 0.1,
  "combo": "flip_rotation_color"
}