{
  "train_losses": [
    1.8002250592422486,
    1.5659192215728759,
    1.4523560554504396,
    1.3955640930175781,
    1.3355755701828003,
    1.3087116860198975,
    1.2511188048171997,
    1.2347574217224122,
    1.20641736328125,
    1.1703065731811524,
    1.1837534439849853,
    1.1442898023605346,
    1.15207372756958,
    1.1223129725265504,
    1.1110355870246886,
    1.121912818260193,
    1.0900851236724853,
    1.1016014785575867,
    1.0723573981666565,
    1.041475227470398,
    1.0697094831848144,
    1.0484319644927977,
    1.0488398977661133,
    1.0034059039020538,
    1.0388586740493775,
    1.036867656478882,
    0.9971232434082031,
    0.9978167025375366,
    1.0021507105827332,
    1.0192663005256652
  ],
  "val_losses": [
    0.0186068112552166,
    0.016187955689430236,
    0.015208573663234711,
    0.013085836040973664,
    0.013197621130943298,
    0.013335778522491456,
    0.01176572598516941,
    0.011842773741483688,
    0.012534117364883423,
    0.011278657555580138,
    0.011777600091695786,
    0.01087209861278534,
    0.010571079695224762,
    0.011276430255174637,
    0.010060115015506745,
    0.010538437154889106,
    0.009962198150157928,
    0.010375381687283516,
    0.009765669241547585,
    0.0095194973051548,
    0.009889445397257805,
    0.009047394427657127,
    0.009586614745855331,
    0.009543985933065414,
    0.009662905350327492,
    0.008984387823939323,
    0.009526205116510391,
    0.009373490729928017,
    0.009803182369470597,
    0.009301933887600899
  ],
  "val_accuracies": [
    56.67,
    65.82,
    68.43,
    72.3,
    71.42,
    72.9,
    74.74,
    74.93,
    72.94,
    76.97,
    77.2,
    78.52,
    78.08,
    76.78,
    79.8,
    79.08,
    79.38,
    79.69,
    79.18,
    80.5,
    78.83,
    81.48,
    80.17,
    80.39,
    80.59,
    81.19,
    80.32,
    81.13,
    80.22,
    80.98
  ],
  "best_accuracy": 81.48,
  "percentage": 1.0,
  "combo": "flip_color_cutmix"
}