{
  "train_losses": [
    1.8521791328430175,
    1.66029015625,
    1.5827281578063965,
    1.5247453340148927,
    1.4686338197135926,
    1.4539112711334228,
    1.3814551832580566,
    1.3735525616455078,
    1.33814494140625,
    1.310549862098694,
    1.2937585728645324,
    1.2740100704956054,
    1.275732900390625,
    1.2425837229156493,
    1.2467252437973022,
    1.2260959399414062,
    1.2222932312393189,
    1.2096860928726196,
    1.203143178806305,
    1.1803649005508423,
    1.187547370452881,
    1.17006991355896,
    1.1770726039886474,
    1.1271721014404297,
    1.16293240234375,
    1.1595809697914123,
    1.1282504447937012,
    1.138216506652832,
    1.1529798212051392,
    1.1223123128509522
  ],
  "val_losses": [
    0.021934675800800323,
    0.01892882820367813,
    0.017663241642713545,
    0.015440871268510818,
    0.015638298505544664,
    0.015106404489278793,
    0.013612317836284638,
    0.013039296418428421,
    0.013113123911619187,
    0.012390177184343338,
    0.012529581296443939,
    0.011868884998559951,
    0.011477408149838447,
    0.011829137456417083,
    0.011342458572983742,
    0.01179588569998741,
    0.010521651402115821,
    0.011135612416267395,
    0.010117659839987754,
    0.010329615929722785,
    0.01034753255546093,
    0.011054614302515984,
    0.010282445824146271,
    0.009935184180736542,
    0.011134830966591834,
    0.009794584381580353,
    0.010894168564677238,
    0.009536123496294022,
    0.010662670907378196,
    0.010288537922501563
  ],
  "val_accuracies": [
    47.94,
    57.23,
    61.29,
    65.09,
    65.68,
    66.7,
    70.76,
    71.23,
    72.39,
    74.36,
    74.31,
    75.18,
    75.2,
    74.71,
    75.07,
    74.57,
    77.39,
    75.87,
    78.01,
    78.05,
    77.16,
    75.95,
    77.67,
    78.78,
    76.3,
    78.39,
    76.3,
    79.94,
    77.28,
    78.79
  ],
  "best_accuracy": 79.94,
  "percentage": 1.0,
  "combo": "rotation_crop_cutmix"
}