{
  "train_losses": [
    1.594559857940674,
    1.2594749804306031,
    1.1297790187072754,
    1.044462028427124,
    0.9811870331573487,
    0.9396228392028808,
    0.9031823126220703,
    0.8732244857788086,
    0.842294476928711,
    0.824319656906128,
    0.8021843066787719,
    0.7857820857048035,
    0.7721890741348266,
    0.7503110394096375,
    0.738853871307373,
    0.7218474424362182,
    0.7144200805282592,
    0.7041854245376586,
    0.6932591292953492,
    0.6869814933776855,
    0.6765428778839111,
    0.6698208683776855,
    0.6617145366573334,
    0.6530189793014526,
    0.6488660342597962,
    0.6467403227853775,
    0.6422458339691162,
    0.6349506613922119,
    0.6280379715538025,
    0.630029012041092
  ],
  "val_losses": [
    0.01883386340737343,
    0.015659753638505934,
    0.013717383432388305,
    0.01307194237112999,
    0.011837522321939468,
    0.012219093775749207,
    0.011630960619449616,
    0.010564667326211929,
    0.01144527522623539,
    0.010182107669115066,
    0.010559824019670486,
    0.009583751128613949,
    0.009464520475268363,
    0.009315014888346195,
    0.009703961887955666,
    0.009073385232686996,
    0.008814426410198212,
    0.008686829681694508,
    0.008624162405729293,
    0.009054710379242896,
    0.008430736793577672,
    0.008683738422393799,
    0.009012698474526406,
    0.008883452299237251,
    0.0083512037307024,
    0.008529093119502068,
    0.008439979177713395,
    0.008044675460457801,
    0.00885884195715189,
    0.00818751690685749
  ],
  "val_accuracies": [
    56.23,
    65.39,
    69.3,
    70.57,
    73.71,
    72.71,
    73.98,
    76.51,
    74.61,
    77.47,
    76.67,
    78.96,
    79.12,
    79.44,
    78.59,
    80.01,
    80.44,
    81.16,
    80.49,
    79.98,
    81.04,
    80.97,
    80.31,
    80.22,
    81.6,
    81.2,
    81.46,
    82.36,
    80.37,
    81.83
  ],
  "best_accuracy": 82.36,
  "percentage": 1.0,
  "combo": "flip_rotation_color"
}