{
  "train_losses": [
    1.6896107038879395,
    1.4005506074523926,
    1.2749260260391235,
    1.1933219466018676,
    1.1279367763900756,
    1.0800573705673218,
    1.037618988685608,
    1.0074158818817138,
    0.9738096087646484,
    0.9411687414360046,
    0.9202614125442505,
    0.895433117275238,
    0.8702041490554809,
    0.8540042055892945,
    0.8401256834030152,
    0.8231359859848022,
    0.8107143585205078,
    0.7988266830825805,
    0.7841695236301423,
    0.7732760857200622,
    0.7722086904907226,
    0.7576891677093506,
    0.7470887578773499,
    0.7457954394721985,
    0.7375832780456543,
    0.7287080123710632,
    0.7321891385269165,
    0.7250803380203247,
    0.7180771612930298,
    0.7098059001350403
  ],
  "val_losses": [
    0.019883744972944258,
    0.01750917172431946,
    0.015182190561294556,
    0.014384205466508865,
    0.013526904118061065,
    0.013513253390789032,
    0.012838473024964332,
    0.01168753112256527,
    0.012013077089190484,
    0.011731938698887825,
    0.010951950627565384,
    0.011026601603627204,
    0.010324009281396866,
    0.010966130146384239,
    0.011110690765082837,
    0.010394641795754432,
    0.010197922331094742,
    0.009513360133767128,
    0.009328862018883229,
    0.009805104213953019,
    0.009453080148994923,
    0.00914822052717209,
    0.010311594119668007,
    0.009570464652776719,
    0.008956622865796088,
    0.009261445227265358,
    0.009021720558404922,
    0.009365446780622006,
    0.008798903289437294,
    0.009675508281588554
  ],
  "val_accuracies": [
    53.67,
    60.23,
    65.17,
    66.67,
    69.59,
    70.07,
    71.53,
    73.67,
    73.27,
    74.06,
    75.78,
    75.39,
    76.75,
    75.7,
    75.42,
    76.53,
    77.33,
    78.68,
    79.91,
    78.56,
    78.96,
    79.73,
    77.7,
    79.41,
    80.33,
    79.67,
    80.1,
    79.6,
    80.35,
    78.7
  ],
  "best_accuracy": 80.35,
  "percentage": 1.0,
  "combo": "rotation_color_crop"
}