{
  "train_losses": [
    1.6067571301269532,
    1.3288842294311523,
    1.2018569251632691,
    1.1090804499053954,
    1.0496659132385253,
    0.9988816195678711,
    0.9537042114257812,
    0.9260985247039795,
    0.8888143714904785,
    0.8640889491271972,
    0.8378773414993286,
    0.8220605718994141,
    0.8112465579223633,
    0.7847737656784057,
    0.7723821786880494,
    0.7601251989936829,
    0.7439789383506775,
    0.7401442574310303,
    0.7270293976974487,
    0.7089703256225586,
    0.7066002324867249,
    0.6978833661270142,
    0.6938623711395263,
    0.6897096250534057,
    0.6843578339767457,
    0.6816180554580689,
    0.6653226972961426,
    0.6622930673599243,
    0.6628298929595947,
    0.6575263801193237
  ],
  "val_losses": [
    0.02080668295621872,
    0.01667693231701851,
    0.015527339601516723,
    0.015109803867340088,
    0.013491596937179565,
    0.012627855813503265,
    0.011886712181568147,
    0.011409053805470467,
    0.012232987907528877,
    0.010427522283792496,
    0.01005969009399414,
    0.010802998322248458,
    0.010074216541647911,
    0.009942340323328972,
    0.01004623373746872,
    0.010063543257117271,
    0.009601281744241715,
    0.008948849111795425,
    0.009843917164206505,
    0.009697178110480308,
    0.009002572199702262,
    0.008723359864950181,
    0.010045368266105652,
    0.009967398254573346,
    0.00930762123465538,
    0.009216614523530007,
    0.008850648465752602,
    0.00952529985755682,
    0.009110462993383408,
    0.009202477253973483
  ],
  "val_accuracies": [
    51.51,
    61.44,
    64.81,
    66.48,
    70.19,
    71.8,
    73.28,
    74.95,
    72.3,
    76.69,
    77.72,
    76.45,
    77.99,
    78.39,
    77.86,
    78.06,
    78.91,
    80.64,
    78.65,
    78.89,
    80.34,
    80.99,
    77.85,
    78.45,
    80.09,
    79.98,
    80.85,
    79.49,
    80.41,
    80.17
  ],
  "best_accuracy": 80.99,
  "percentage": 1.0,
  "combo": "flip_rotation_crop"
}