{
  "train_losses": [
    1.9008688374328613,
    1.7115051585006713,
    1.5867059587478638,
    1.5229329251861572,
    1.4606295604896546,
    1.4340744209480285,
    1.3736127275848389,
    1.3539329885864257,
    1.3377744213104248,
    1.2833309059143065,
    1.2989193696975707,
    1.2710574598693847,
    1.258256738357544,
    1.219502813682556,
    1.2127219626617431,
    1.2199175493240357,
    1.2162849198913575,
    1.201819852256775,
    1.170367412414551,
    1.1537400909519195,
    1.1409753644943237,
    1.1546579430389405,
    1.1570080453491212,
    1.0968236683750152,
    1.1137963892364502,
    1.1238162916755676,
    1.090899207344055,
    1.11431053024292,
    1.1232336669540406,
    1.07699745136261
  ],
  "val_losses": [
    0.020886033821105956,
    0.017504656076431275,
    0.016940556442737578,
    0.01465588252544403,
    0.014956075787544251,
    0.014228363013267516,
    0.013083102989196778,
    0.013473017460107803,
    0.011848183691501618,
    0.012220010894536972,
    0.012706334203481674,
    0.011473535165190696,
    0.010852596044540405,
    0.011536741399765014,
    0.010868385496735572,
    0.011143351364135742,
    0.011071900820732117,
    0.01101507166326046,
    0.010217273649573326,
    0.010727829009294509,
    0.009734484821557999,
    0.011397051620483399,
    0.009637240648269653,
    0.010231950893998146,
    0.010446873989701271,
    0.009752634745836259,
    0.010748393687605858,
    0.009862908962368966,
    0.010037424349784852,
    0.009156940707564353
  ],
  "val_accuracies": [
    50.98,
    60.13,
    63.44,
    67.67,
    68.08,
    70.13,
    73.14,
    70.83,
    74.87,
    75.14,
    73.6,
    76.77,
    76.62,
    75.03,
    77.1,
    76.54,
    76.72,
    77.3,
    78.32,
    77.15,
    79.78,
    76.57,
    79.31,
    78.16,
    78.45,
    79.23,
    79.29,
    79.82,
    79.53,
    81.19
  ],
  "best_accuracy": 81.19,
  "percentage": 1.0,
  "combo": "color_crop_cutmix"
}