{
  "train_losses": [
    1.6298647679901124,
    1.2864138962554932,
    1.1405556202316285,
    1.0574785972213745,
    0.9918534562110901,
    0.947430327205658,
    0.9123934458160401,
    0.8745128860473633,
    0.8460592999267578,
    0.8224350258636475,
    0.8011393801879882,
    0.782058276424408,
    0.7620191092777252,
    0.7472700519561768,
    0.7297282570648194,
    0.7175729190444946,
    0.7107617240524292,
    0.6952973714447022,
    0.6866394762802124,
    0.6766147537994385,
    0.6659979056739808,
    0.6603717546463013,
    0.6553518479919433,
    0.6483961184692383,
    0.6406633233642578,
    0.6407200874137878,
    0.6294435871505737,
    0.6216427507019043,
    0.614856322631836,
    0.6152249820899963
  ],
  "val_losses": [
    0.018246898663043975,
    0.01542684999704361,
    0.014010539263486861,
    0.013560846424102784,
    0.013515978968143463,
    0.01249459199309349,
    0.011739077073335647,
    0.01100630950331688,
    0.010733577710390092,
    0.010410229006409645,
    0.010023606711626052,
    0.010150990161299705,
    0.011812728780508042,
    0.011050682562589646,
    0.010111421468853951,
    0.009548813083767892,
    0.00920655974149704,
    0.00947166783809662,
    0.009138789436221123,
    0.009170316371321678,
    0.009401858022809028,
    0.008336513793468475,
    0.009075696887075902,
    0.008935747709870339,
    0.008473238492012024,
    0.008409570549428463,
    0.009016904619336128,
    0.009398695088922977,
    0.008741037485003472,
    0.008522158211469651
  ],
  "val_accuracies": [
    56.44,
    65.59,
    68.81,
    68.8,
    70.17,
    71.42,
    73.96,
    75.91,
    76.27,
    77.33,
    78.02,
    77.75,
    73.89,
    76.09,
    78.03,
    79.54,
    79.72,
    78.97,
    80.08,
    80.41,
    80.12,
    82.12,
    80.02,
    80.47,
    81.59,
    81.92,
    80.74,
    78.89,
    81.07,
    81.28
  ],
  "best_accuracy": 82.12,
  "percentage": 1.0,
  "combo": "flip_color_crop"
}