{
  "train_losses": [
    1.831030308380127,
    1.629521603088379,
    1.5168287930297852,
    1.4470875840759276,
    1.4102704253005982,
    1.3763929333877563,
    1.3101573566055298,
    1.3142445093536377,
    1.289108918533325,
    1.2506092136383056,
    1.2699767423248292,
    1.2305378276062011,
    1.2304260802459717,
    1.1974054701995849,
    1.2144808656311035,
    1.1987464738845826,
    1.1781926845169068,
    1.1823210232543946,
    1.1380842790222168,
    1.1482542778778075,
    1.1339892587280274,
    1.1349227018737793,
    1.1223257385253906,
    1.0941858571624756,
    1.1193043898010253,
    1.1024518338775635,
    1.0873963390731811,
    1.1210799301910401,
    1.0872493637084961,
    1.0879167192840575
  ],
  "val_losses": [
    0.019481668823957445,
    0.017152899485826493,
    0.015119493240118027,
    0.014881592077016831,
    0.014137971663475036,
    0.013182958739995957,
    0.01309213153719902,
    0.011839742848277091,
    0.012075178897380828,
    0.012341244524717332,
    0.011647682800889016,
    0.011773302602767944,
    0.010527636101841927,
    0.011365845268964768,
    0.01100999817252159,
    0.011300897124409676,
    0.01011166270673275,
    0.010640842255949974,
    0.010009337565302848,
    0.010704768949747085,
    0.009931441804766655,
    0.010571632635593414,
    0.009730239701271057,
    0.010272796988487244,
    0.010394362577795982,
    0.009658974847197533,
    0.010127723571658134,
    0.01025834130346775,
    0.009697492414712907,
    0.009669156104326249
  ],
  "val_accuracies": [
    54.94,
    61.32,
    67.1,
    68.12,
    69.73,
    72.98,
    72.79,
    73.93,
    75.41,
    75.15,
    75.49,
    75.98,
    78.36,
    77.4,
    77.43,
    76.58,
    78.43,
    77.81,
    78.61,
    77.88,
    79.2,
    77.91,
    79.69,
    78.54,
    78.83,
    79.32,
    78.65,
    77.95,
    79.7,
    79.84
  ],
  "best_accuracy": 79.84,
  "percentage": 1.0,
  "combo": "rotation_color_cutmix"
}