{
  "train_losses": [
    1.3443901250839234,
    0.9870741177558899,
    0.8561243123245239,
    0.7752089213943482,
    0.7080020623397827,
    0.6538295225906372,
    0.6009505467987061,
    0.5646405061912536,
    0.5223739120101929,
    0.49073478519439695,
    0.46212191640853884,
    0.43250265363693235,
    0.4079415489768982,
    0.3886661576461792,
    0.3685027217197418,
    0.35085412468910215,
    0.33033062079429626,
    0.31796787141799926,
    0.30460609221458435,
    0.29706239879608154,
    0.2841869312572479,
    0.2736418851661682,
    0.26503176321029664,
    0.25994139028549196,
    0.25218044078350066,
    0.2425511822795868,
    0.2397055005645752,
    0.22936705660820006,
    0.23346250860214232,
    0.2294651579093933
  ],
  "val_losses": [
    0.01583236798644066,
    0.012712274622917175,
    0.013126434403657914,
    0.01219851995408535,
    0.01092960029244423,
    0.010786526709794998,
    0.010300637227296829,
    0.009690040868520737,
    0.00952351018190384,
    0.009149323174357415,
    0.009331371569633484,
    0.009470721009373665,
    0.009547854194045066,
    0.010326099959015846,
    0.009767667683959006,
    0.01005556636452675,
    0.009930993261933327,
    0.00980996306836605,
    0.010282393524050713,
    0.01034342558979988,
    0.010159663374722004,
    0.010833988854289055,
    0.01055663959980011,
    0.010240251678228379,
    0.011899426543712616,
    0.010916570588946342,
    0.010468333703279495,
    0.011043330127000808,
    0.011411179181933403,
    0.010988188943266869
  ],
  "val_accuracies": [
    64.15,
    71.99,
    71.4,
    73.49,
    75.84,
    76.29,
    77.6,
    78.77,
    79.0,
    79.88,
    79.42,
    79.65,
    79.55,
    79.19,
    79.82,
    78.55,
    79.93,
    80.15,
    79.83,
    79.41,
    79.69,
    78.61,
    79.18,
    79.46,
    78.26,
    79.28,
    79.8,
    78.73,
    78.12,
    79.22
  ],
  "best_accuracy": 80.15,
  "percentage": 1.0,
  "combo": "none"
}