{
  "train_losses": [
    1.8348949396514893,
    1.5667173587799073,
    1.42688475982666,
    1.330252220993042,
    1.2559916359710694,
    1.1951269820785522,
    1.1431482333755494,
    1.10245629447937,
    1.0719349744415283,
    1.0433695098114013,
    1.0333391189193726,
    0.9896424847793579,
    0.9684033607673646,
    0.9525565408134461,
    0.9442811897468567,
    0.9271208978271485,
    0.8976143246078491,
    0.8865015614700318,
    0.8612166654205322,
    0.8463878199958801,
    0.8385231405258179,
    0.8251106491279602,
    0.8112555772209168,
    0.7986510082435608,
    0.7879486860370636,
    0.7669569096755982,
    0.7603190567016601,
    0.7484173907089233,
    0.7479187426376342,
    0.7389046032524109
  ],
  "val_losses": [
    0.02357208333015442,
    0.021261312901973726,
    0.0190849773645401,
    0.01786029537320137,
    0.017190513104200365,
    0.016570312547683715,
    0.016060783457756043,
    0.01445044633746147,
    0.014979875493049622,
    0.01515862700343132,
    0.014762240868806838,
    0.015049957633018494,
    0.01385469589829445,
    0.012998449033498763,
    0.013925939750671386,
    0.013112154585123062,
    0.012902290549874306,
    0.012606211489439011,
    0.012174522441625596,
    0.013868608474731446,
    0.012135998058319091,
    0.012410122489929199,
    0.012695664456486701,
    0.012498881101608277,
    0.012143353259563446,
    0.011268398487567902,
    0.012074722942709924,
    0.011648840710520744,
    0.01161470871269703,
    0.012221042928099632
  ],
  "val_accuracies": [
    43.88,
    50.19,
    57.08,
    59.1,
    60.59,
    61.93,
    62.83,
    67.76,
    66.9,
    66.68,
    68.07,
    66.8,
    69.22,
    71.32,
    69.83,
    70.44,
    71.65,
    72.48,
    73.33,
    69.9,
    73.46,
    72.71,
    72.59,
    72.5,
    73.86,
    75.23,
    73.76,
    75.27,
    74.57,
    74.08
  ],
  "best_accuracy": 75.27,
  "percentage": 0.25,
  "combo": "flip_rotation_color"
}