{
  "train_losses": [
    2.073391495666504,
    1.8887816471481322,
    1.8397115580749512,
    1.7635651272201538,
    1.6861704885101318,
    1.7028227617645264,
    1.6174207097244262,
    1.6182838227462768,
    1.5613108393859862,
    1.559474454574585,
    1.5147565787506103,
    1.4748696349334718,
    1.5248670712280274,
    1.487989951438904,
    1.4748800548171996,
    1.4241458976745605,
    1.4259308921051026,
    1.4102726150512694,
    1.4273364723968507,
    1.3567799674987793,
    1.376810216026306,
    1.34086239818573,
    1.431818527698517,
    1.3789239781570435,
    1.381027112236023,
    1.2380200954437255,
    1.3166156494903565,
    1.3157682188796997,
    1.3285596369171142,
    1.263015021095276
  ],
  "val_losses": [
    0.026242605078220366,
    0.024145539009571077,
    0.023574906384944916,
    0.021593184912204744,
    0.01959199257493019,
    0.019700646114349366,
    0.017557544803619384,
    0.017732211005687712,
    0.018783188080787657,
    0.016621372371912004,
    0.017994463491439818,
    0.01656828083395958,
    0.015928664487600327,
    0.015203939801454545,
    0.015334347593784332,
    0.014336541956663132,
    0.01531730887889862,
    0.014523582780361175,
    0.016014887660741807,
    0.013718636411428451,
    0.013989890122413634,
    0.014084956699609756,
    0.01312508286833763,
    0.013514038628339768,
    0.01381533364057541,
    0.013351038861274719,
    0.013380725812911987,
    0.013381811457872391,
    0.013058988320827485,
    0.01342054877281189
  ],
  "val_accuracies": [
    37.2,
    45.21,
    45.26,
    49.55,
    54.42,
    57.34,
    58.75,
    59.58,
    58.31,
    62.68,
    58.59,
    63.65,
    64.73,
    66.11,
    65.51,
    67.73,
    65.42,
    68.39,
    63.76,
    69.89,
    69.12,
    69.21,
    72.28,
    70.44,
    69.34,
    70.15,
    71.29,
    71.58,
    71.07,
    70.49
  ],
  "best_accuracy": 72.28,
  "percentage": 0.25,
  "combo": "color_crop_cutmix"
}