{
  "train_losses": [
    1.8848610205841065,
    1.61373380859375,
    1.518808489151001,
    1.4345745589065553,
    1.3763079600906372,
    1.3278749478530885,
    1.2859820053863524,
    1.2530820180892945,
    1.2006007257080078,
    1.192099303150177,
    1.1630553006744384,
    1.117790130004883,
    1.1084776460647583,
    1.0912524433135986,
    1.0632017725372314,
    1.0421642892837524,
    1.0371608041763305,
    1.021007476463318,
    0.9970773007202148,
    0.9827591125297547,
    0.9675594972991943,
    0.9599688801193237,
    0.950057280883789,
    0.933928996887207,
    0.9210104752731323,
    0.9098073196411133,
    0.9059915788650512,
    0.9022713002586364,
    0.8824303886413575,
    0.8618963161087037
  ],
  "val_losses": [
    0.027184455609321593,
    0.02313105832338333,
    0.021329382061958314,
    0.01883471536040306,
    0.018947903788089752,
    0.01960506699681282,
    0.017189641493558883,
    0.01765719963312149,
    0.017176447212696077,
    0.01579390246272087,
    0.01491957524418831,
    0.015011083984375,
    0.016096432322263717,
    0.014120793002843857,
    0.014052652150392532,
    0.014482327151298524,
    0.014062209022045136,
    0.013394497501850127,
    0.013223952835798263,
    0.01359000664651394,
    0.012555565673112869,
    0.013306480425596238,
    0.013202446883916854,
    0.013356531184911728,
    0.013769515651464462,
    0.012134985861182213,
    0.012275456357002258,
    0.012981248784065246,
    0.013887337505817414,
    0.011821828371286392
  ],
  "val_accuracies": [
    38.69,
    45.09,
    50.89,
    55.85,
    55.59,
    53.98,
    60.47,
    58.39,
    60.38,
    63.85,
    65.65,
    65.63,
    64.41,
    67.41,
    68.22,
    67.45,
    68.27,
    69.52,
    70.76,
    69.08,
    71.67,
    70.39,
    70.43,
    70.46,
    69.94,
    73.16,
    73.1,
    71.22,
    69.18,
    73.93
  ],
  "best_accuracy": 73.93,
  "percentage": 0.25,
  "combo": "flip_rotation_crop"
}