{
  "train_losses": [
    1.998656166305542,
    1.768704121017456,
    1.6875199674987793,
    1.612222153968811,
    1.5310964083099365,
    1.5463208758544922,
    1.4839506581497193,
    1.48557455078125,
    1.4310317764663696,
    1.3942156838798523,
    1.3676466665267943,
    1.3572730252456664,
    1.373351593761444,
    1.3381747539520263,
    1.3623189447402955,
    1.2814779734039308,
    1.298345871887207,
    1.2787542665863036,
    1.2597206290435792,
    1.244853956718445,
    1.232785121574402,
    1.2241728446578979,
    1.2678730685806274,
    1.2170004726791381,
    1.2473903813934326,
    1.0963944840431212,
    1.119237749710083,
    1.1661551131820678,
    1.1628726388168336,
    1.1460473458099365
  ],
  "val_losses": [
    0.024360827147960663,
    0.022245424914360046,
    0.020483743870258333,
    0.018557180899381638,
    0.01706249485015869,
    0.01831616081595421,
    0.01590253546833992,
    0.016139901179075242,
    0.01580598748922348,
    0.015036646926403045,
    0.015245498263835908,
    0.016350140225887298,
    0.014517077594995499,
    0.015878150403499602,
    0.014860149139165878,
    0.01386902152299881,
    0.013338626217842101,
    0.014587221157550812,
    0.014202350425720215,
    0.01432496086359024,
    0.01325193736553192,
    0.013028405970335007,
    0.014148056143522263,
    0.012505087801814078,
    0.01291666492819786,
    0.011830216318368912,
    0.0124591712474823,
    0.01284891899228096,
    0.01195522387623787,
    0.01149978502690792
  ],
  "val_accuracies": [
    44.44,
    49.03,
    52.78,
    55.78,
    61.72,
    59.74,
    65.47,
    63.16,
    65.92,
    66.27,
    66.16,
    63.78,
    68.82,
    63.68,
    67.44,
    69.71,
    71.67,
    69.57,
    69.94,
    68.92,
    71.65,
    72.65,
    69.07,
    72.48,
    71.48,
    74.03,
    73.9,
    73.3,
    74.4,
    75.19
  ],
  "best_accuracy": 75.19,
  "percentage": 0.25,
  "combo": "flip_color_cutmix"
}