{
  "train_losses": [
    1.9340606133270264,
    1.6564195751953126,
    1.5362925748443603,
    1.4602993280029297,
    1.402354018383026,
    1.3228316947174072,
    1.2809760818099976,
    1.2654032207870483,
    1.2120691183662415,
    1.1770090747451782,
    1.1597300859069823,
    1.137357188796997,
    1.1095975214385987,
    1.0851313038253785,
    1.0769852481460571,
    1.055799847393036,
    1.0303442584228515,
    1.0129734951019287,
    1.0041526629638673,
    0.9904384354782104,
    0.9726476391220092,
    0.9598522478866577,
    0.9469518906784058,
    0.93077784116745,
    0.9378939627075196,
    0.9097165310287476,
    0.9028299238967895,
    0.8911276721572876,
    0.8838785058212281,
    0.8794018661880493
  ],
  "val_losses": [
    0.024432649457454683,
    0.02283623297214508,
    0.020263637351989747,
    0.019353012615442276,
    0.018611377942562103,
    0.01753321361541748,
    0.016777264428138733,
    0.01631365504860878,
    0.016025356638431548,
    0.0160171462059021,
    0.015300404763221741,
    0.014557689917087556,
    0.016700380808115006,
    0.01435155348777771,
    0.015175713604688645,
    0.013475294280052185,
    0.014189963108301163,
    0.013215280452370644,
    0.013614032179117204,
    0.013322855812311173,
    0.015476164293289185,
    0.012456773179769516,
    0.014191317826509476,
    0.01254717366695404,
    0.013797285294532776,
    0.013014724001288414,
    0.012311323046684265,
    0.012320903158187867,
    0.01203531458079815,
    0.011784673848748208
  ],
  "val_accuracies": [
    43.75,
    46.53,
    52.43,
    55.58,
    56.82,
    60.08,
    61.12,
    62.72,
    62.7,
    62.98,
    65.58,
    66.65,
    62.54,
    67.03,
    65.81,
    69.6,
    67.68,
    70.78,
    69.07,
    70.14,
    66.72,
    71.84,
    68.8,
    71.8,
    69.42,
    70.25,
    72.8,
    72.93,
    73.32,
    73.96
  ],
  "best_accuracy": 73.96,
  "percentage": 0.25,
  "combo": "flip_color_crop"
}