{
  "train_losses": [
    1.9557245513916015,
    1.724537599029541,
    1.7277550383758544,
    1.6153843411254882,
    1.5952425007247926,
    1.5596903043746948,
    1.4890793784332275,
    1.5279096492004394,
    1.4408978302764892,
    1.460965516834259,
    1.4022477085113525,
    1.393061245956421,
    1.3612054222106933,
    1.3562697863960267,
    1.34949115486145,
    1.2889836389160156,
    1.336304156112671,
    1.3022524618530273,
    1.2826645491027833,
    1.2823672975921632,
    1.2195512921524048,
    1.2588185570526123,
    1.3058259148788451,
    1.2558061749649048,
    1.3272651377487183,
    1.1575531889152526,
    1.2004329055404663,
    1.2313419765853881,
    1.2204377737045289,
    1.184149476737976
  ],
  "val_losses": [
    0.02337937080860138,
    0.021869587898254394,
    0.02060396785736084,
    0.02046347939968109,
    0.018549033153057098,
    0.01802108710408211,
    0.016818822020292282,
    0.016842808198928833,
    0.016782103663682938,
    0.014902365678548813,
    0.014440633070468903,
    0.014377256780862808,
    0.014857236331701279,
    0.014246362626552583,
    0.014939776712656021,
    0.014195896255970002,
    0.013816148829460143,
    0.014907921493053436,
    0.012983226996660232,
    0.012854594099521636,
    0.012970555317401886,
    0.01323591713309288,
    0.01286892403960228,
    0.012843171572685242,
    0.01245493841469288,
    0.012217117527127267,
    0.013024771535396575,
    0.011891521364450455,
    0.012785489535331726,
    0.012167974209785461
  ],
  "val_accuracies": [
    45.37,
    49.25,
    52.29,
    51.77,
    56.94,
    60.87,
    62.55,
    62.44,
    63.21,
    67.5,
    68.59,
    68.5,
    67.55,
    67.97,
    69.12,
    68.8,
    70.79,
    67.98,
    71.74,
    72.35,
    72.33,
    73.06,
    73.18,
    72.18,
    73.61,
    74.07,
    72.27,
    74.94,
    72.85,
    73.29
  ],
  "best_accuracy": 74.94,
  "percentage": 0.25,
  "combo": "flip_rotation_cutmix"
}