{
  "train_losses": [
    2.0494913635253904,
    1.81816488155365,
    1.7873047333145142,
    1.708098747253418,
    1.6587582473373412,
    1.6630659002685546,
    1.5692140502548217,
    1.5934259936904906,
    1.5191213026428223,
    1.5168450426864624,
    1.4926808547210693,
    1.462145757598877,
    1.4569281560134888,
    1.4355005972290038,
    1.4555515542984008,
    1.4176003870010376,
    1.420088782119751,
    1.40422700756073,
    1.3776484241485596,
    1.3971189651489258,
    1.3445474298095703,
    1.3149753214263915,
    1.3637500064086914,
    1.3578730633544922,
    1.357070952987671,
    1.2004440748596192,
    1.2830766331481933,
    1.300133598060608,
    1.2856793701553344,
    1.2424803359603882
  ],
  "val_losses": [
    0.025213684749603272,
    0.02292524975538254,
    0.021618091797828674,
    0.01993413528800011,
    0.018925125801563265,
    0.019085460829734804,
    0.01858737530708313,
    0.017147884225845338,
    0.017496899032592772,
    0.016723009741306305,
    0.015951756316423416,
    0.016153991144895553,
    0.015582994371652604,
    0.014277614557743073,
    0.01569045962691307,
    0.014680144530534744,
    0.01597503017783165,
    0.014681802904605865,
    0.015133421188592911,
    0.013852243447303772,
    0.01337916876077652,
    0.013547905385494233,
    0.013982801634073257,
    0.013393798321485519,
    0.013339059060811996,
    0.012521068435907364,
    0.012978475630283356,
    0.012875995653867722,
    0.01260164960026741,
    0.013540117767453194
  ],
  "val_accuracies": [
    41.39,
    44.47,
    52.1,
    55.45,
    56.9,
    57.86,
    58.23,
    61.11,
    60.53,
    63.02,
    64.25,
    64.02,
    66.11,
    68.07,
    67.84,
    67.93,
    63.67,
    67.67,
    67.08,
    70.97,
    70.53,
    70.97,
    71.0,
    72.06,
    70.85,
    72.81,
    72.52,
    73.36,
    72.38,
    70.17
  ],
  "best_accuracy": 73.36,
  "percentage": 0.25,
  "combo": "rotation_color_cutmix"
}