{
  "train_losses": [
    1.7122281232070924,
    1.451632732887268,
    1.3384047206115723,
    1.2504067467498778,
    1.1808647806549073,
    1.1306275904464722,
    1.1009506960296631,
    1.060072371673584,
    1.0275982389640808,
    1.0016112059783935,
    0.9710328963661193,
    0.9463312830924988,
    0.9367569062232971,
    0.9078785512542724,
    0.8813992706680298,
    0.8721696142959595,
    0.8494253106307983,
    0.8353501155090332,
    0.8257194319152832,
    0.8165481389999389,
    0.8089291700172424,
    0.7874610167503356,
    0.7817375012016297,
    0.7776641674995423,
    0.7662772451210021,
    0.7581747219085694,
    0.7448407407188415,
    0.7346818226242066,
    0.7286484508895874,
    0.7165307057380677
  ],
  "val_losses": [
    0.02280543147325516,
    0.01940900137424469,
    0.017084485739469527,
    0.015888117933273316,
    0.01624810998439789,
    0.015093995213508606,
    0.013843718427419662,
    0.013810896384716035,
    0.013445489656925201,
    0.0127998615026474,
    0.011890977555513382,
    0.012365936994552613,
    0.012776217630505562,
    0.011799285989999771,
    0.011835373565554618,
    0.011038579815626145,
    0.011234830805659294,
    0.0111040428429842,
    0.011247297012805938,
    0.011356261241436004,
    0.01020785765349865,
    0.010335682076215744,
    0.010662203294038773,
    0.01028385345339775,
    0.010119438841938973,
    0.00969909442961216,
    0.009904306879639625,
    0.009756212487816811,
    0.010081392166018485,
    0.010375424745678902
  ],
  "val_accuracies": [
    45.79,
    53.03,
    60.83,
    63.81,
    63.78,
    65.86,
    68.26,
    69.07,
    69.59,
    71.64,
    73.41,
    72.49,
    71.46,
    73.07,
    73.75,
    75.42,
    75.11,
    75.09,
    75.22,
    75.2,
    77.19,
    77.18,
    76.54,
    77.53,
    77.43,
    78.61,
    78.42,
    78.66,
    78.1,
    77.0
  ],
  "best_accuracy": 78.66,
  "percentage": 0.5,
  "combo": "flip_rotation_crop"
}