{
  "train_losses": [
    1.8387279717254639,
    1.676337998275757,
    1.5701074268722535,
    1.5023905778503417,
    1.4315538159942627,
    1.4121443677139283,
    1.372367293586731,
    1.3667184621047974,
    1.3194050890350342,
    1.3107335493469239,
    1.2794214129257202,
    1.3054240754699706,
    1.2458901210784912,
    1.2410846028518676,
    1.2377476391601563,
    1.224748475189209,
    1.2146966534233092,
    1.1924545059204101,
    1.192825848865509,
    1.1371602598190307,
    1.1816454459381103,
    1.1518968381118775,
    1.1394564458084107,
    1.1576188999557495,
    1.1601022484207153,
    1.163128232383728,
    1.1146996259880066,
    1.1292687130737304,
    1.1252815843582153,
    1.1071205917930602
  ],
  "val_losses": [
    0.02144819129705429,
    0.019213012742996215,
    0.017475442391633986,
    0.016337616860866547,
    0.016068874901533126,
    0.014665040612220764,
    0.01403961312174797,
    0.014449655681848526,
    0.013465282595157623,
    0.013660052067041397,
    0.01338796904683113,
    0.012406793487071991,
    0.012198821252584457,
    0.012456956934928895,
    0.011737588366866112,
    0.012086770433187484,
    0.011164203694462776,
    0.011776018327474594,
    0.011229215374588966,
    0.011803810447454453,
    0.010985245069861413,
    0.011594982594251632,
    0.010758854845166206,
    0.011010081508755683,
    0.011299122995138168,
    0.011419844782352447,
    0.011032930076122284,
    0.01125195564031601,
    0.010350396731495856,
    0.01021380809545517
  ],
  "val_accuracies": [
    51.28,
    56.01,
    60.66,
    62.55,
    64.06,
    68.81,
    68.45,
    68.8,
    71.23,
    71.71,
    72.51,
    73.75,
    73.97,
    74.69,
    75.0,
    74.95,
    76.22,
    74.87,
    76.0,
    75.61,
    76.5,
    76.2,
    77.82,
    76.58,
    76.07,
    76.31,
    77.11,
    77.16,
    78.38,
    78.53
  ],
  "best_accuracy": 78.53,
  "percentage": 0.5,
  "combo": "flip_rotation_cutmix"
}