{
  "train_losses": [
    1.9308445135879517,
    1.757012407836914,
    1.6600924601364135,
    1.5980265476608277,
    1.5256756089019776,
    1.4975328996658326,
    1.471186123161316,
    1.4452573902893067,
    1.4022133355712891,
    1.3913143055343629,
    1.355443619041443,
    1.4070538988494874,
    1.3103155805969238,
    1.2933289584350587,
    1.3139163152694702,
    1.3017882526779174,
    1.276446422958374,
    1.2709035230255128,
    1.2641037805366515,
    1.2094081423187255,
    1.260934948577881,
    1.2258728500366212,
    1.2415804533195496,
    1.2095499425125122,
    1.204259649887085,
    1.2334025373077393,
    1.1862969845581055,
    1.184722654838562,
    1.1862553705978394,
    1.1730576658058167
  ],
  "val_losses": [
    0.021668516349792482,
    0.019433685636520384,
    0.01903565311431885,
    0.017454804772138597,
    0.01617834664583206,
    0.015572328674793244,
    0.015857285392284395,
    0.014020273232460021,
    0.013755949932336807,
    0.014034311372041702,
    0.01379506423473358,
    0.013548971039056779,
    0.012463449293375015,
    0.012424103811383248,
    0.01308789581656456,
    0.012161032092571258,
    0.012306619101762771,
    0.012521839195489883,
    0.012061617028713226,
    0.01167371571958065,
    0.011704394820332528,
    0.011994703701138497,
    0.011512640124559402,
    0.011359143996238708,
    0.011638233178853988,
    0.011080631095170974,
    0.01118303462266922,
    0.011309591305255889,
    0.010634031611680984,
    0.010844515696167945
  ],
  "val_accuracies": [
    51.23,
    55.48,
    58.25,
    61.5,
    64.15,
    65.41,
    65.73,
    69.36,
    69.77,
    69.28,
    70.61,
    71.87,
    73.39,
    74.05,
    71.73,
    74.99,
    74.03,
    74.75,
    73.51,
    75.73,
    75.68,
    75.12,
    75.51,
    76.07,
    75.06,
    77.05,
    76.16,
    76.37,
    77.02,
    77.49
  ],
  "best_accuracy": 77.49,
  "percentage": 0.5,
  "combo": "rotation_color_cutmix"
}