{
  "train_losses": [
    1.53986270362854,
    1.1596416678237915,
    1.0112158602523804,
    0.9018067274475098,
    0.8309097827911377,
    0.7676116738510131,
    0.7068399879074097,
    0.6654463913726807,
    0.6183583760166168,
    0.5670758005332946,
    0.5298685455894471,
    0.49047225635528563,
    0.46314952553749084,
    0.42184915689468383,
    0.39009696895599366,
    0.36418823802947997,
    0.3366207726097107,
    0.32010292526245115,
    0.2861713447856903,
    0.2764093562793732,
    0.25991524467468263,
    0.23973927165985107,
    0.23808293522834778,
    0.21246949709892274,
    0.21770828367233278,
    0.2004728641438484,
    0.1856679376745224,
    0.19065059315681457,
    0.18161888434410095,
    0.17523088500499726
  ],
  "val_losses": [
    0.02029826307296753,
    0.016550228619575502,
    0.015021326893568039,
    0.013111744606494903,
    0.01313378490805626,
    0.01409095476269722,
    0.011738257619738578,
    0.01205097043812275,
    0.011603296148777009,
    0.01142971813082695,
    0.011683706054091454,
    0.01102589358985424,
    0.010980661347508431,
    0.012088444995880127,
    0.012825849369168281,
    0.011440230858325958,
    0.012600262227654457,
    0.012557836732268334,
    0.012477771958708764,
    0.012261018505692481,
    0.0126289964646101,
    0.012715794318914413,
    0.013299681159853935,
    0.013687874999642372,
    0.013635438278317452,
    0.014813213369250297,
    0.014214291921257973,
    0.015627387860417365,
    0.016596754950284957,
    0.014435891395807266
  ],
  "val_accuracies": [
    54.73,
    62.3,
    66.28,
    70.8,
    70.66,
    69.0,
    74.15,
    73.53,
    74.53,
    75.57,
    75.61,
    76.33,
    76.43,
    75.22,
    74.52,
    76.15,
    75.54,
    76.41,
    75.97,
    76.43,
    76.71,
    76.54,
    75.29,
    75.46,
    75.59,
    74.83,
    75.78,
    74.72,
    72.45,
    75.86
  ],
  "best_accuracy": 76.71,
  "percentage": 0.5,
  "combo": "none"
}