{
  "train_losses": [
    1.781597967453003,
    1.488508738975525,
    1.3383488955688476,
    1.2525961561203003,
    1.180107862701416,
    1.1248409939193726,
    1.0915446653938294,
    1.0485691560745238,
    1.021872898826599,
    0.9933776687240601,
    0.9671834817123413,
    0.9394853167533874,
    0.9172804397583008,
    0.9074416421127319,
    0.8868526428222656,
    0.8638302652359009,
    0.8459440473556519,
    0.8360173094558716,
    0.8230150357437134,
    0.8042724338150025,
    0.7918519530105591,
    0.78006618434906,
    0.774090663509369,
    0.7591034371566773,
    0.7479288013267517,
    0.7425398012161255,
    0.7267508694839477,
    0.7252119156837463,
    0.7165497607040405,
    0.7157154021453858
  ],
  "val_losses": [
    0.023329732203483583,
    0.01798586111664772,
    0.016824460768699645,
    0.01574063499569893,
    0.014745195615291596,
    0.015407668840885163,
    0.01424944738149643,
    0.013409307163953782,
    0.013439314678311347,
    0.012413094437122345,
    0.012716771745681763,
    0.011949985581636428,
    0.013300115770101548,
    0.012281183898448945,
    0.013599297797679901,
    0.010659518203139305,
    0.010454749605059623,
    0.010825931736826897,
    0.01075859436392784,
    0.010273730576038361,
    0.010752649030089378,
    0.01103929492533207,
    0.010136249378323555,
    0.009940481969714164,
    0.010061781218647956,
    0.010552163287997246,
    0.009537610514461994,
    0.010157695731520653,
    0.010073161399364471,
    0.00986663584113121
  ],
  "val_accuracies": [
    45.28,
    58.73,
    61.54,
    64.19,
    67.91,
    65.21,
    68.01,
    70.13,
    70.64,
    72.2,
    71.68,
    72.93,
    71.24,
    72.59,
    69.6,
    76.45,
    77.11,
    76.24,
    75.65,
    77.27,
    76.33,
    75.29,
    77.77,
    78.16,
    77.58,
    77.34,
    79.11,
    77.88,
    78.4,
    78.38
  ],
  "best_accuracy": 79.11,
  "percentage": 0.5,
  "combo": "flip_color_crop"
}