{
  "train_losses": [
    1.9083499911880493,
    1.7347517546844482,
    1.6311343423080444,
    1.5686297699737548,
    1.5109737433624268,
    1.4532321005249023,
    1.452364905166626,
    1.409373571281433,
    1.3887049432754517,
    1.39092502243042,
    1.3253648544311523,
    1.363058731918335,
    1.310807336921692,
    1.3013710888671874,
    1.2727246020126344,
    1.2820978705215453,
    1.25761856508255,
    1.251480387878418,
    1.2470587991714477,
    1.1942650980758667,
    1.2275448347091675,
    1.181810792312622,
    1.175856866531372,
    1.1930198457336425,
    1.1627857053375243,
    1.1640166802597045,
    1.152622281627655,
    1.1438948809051515,
    1.143899606552124,
    1.1409741563034057
  ],
  "val_losses": [
    0.02351254540681839,
    0.02148931897878647,
    0.01852326666712761,
    0.01824147111773491,
    0.015699002450704574,
    0.015469540971517563,
    0.014403445100784302,
    0.013924935793876648,
    0.01468928148150444,
    0.013768326932191849,
    0.014154337072372437,
    0.013724602806568146,
    0.012792563885450364,
    0.012688028627634048,
    0.011806163117289542,
    0.01150654561817646,
    0.012080785968899726,
    0.012814046210050584,
    0.01213954946398735,
    0.01182854043841362,
    0.011779049324989318,
    0.011448452037572861,
    0.011635611030459405,
    0.011328556463122369,
    0.011457060101628303,
    0.0105698489934206,
    0.011790081241726875,
    0.011787503814697266,
    0.011270854079723358,
    0.011764164730906487
  ],
  "val_accuracies": [
    44.48,
    51.15,
    59.15,
    57.67,
    64.9,
    67.24,
    67.76,
    68.91,
    66.72,
    71.24,
    68.67,
    70.83,
    71.04,
    73.39,
    74.47,
    75.54,
    73.58,
    73.07,
    74.43,
    74.53,
    75.15,
    77.27,
    75.92,
    76.56,
    75.96,
    77.53,
    75.18,
    76.08,
    75.13,
    74.19
  ],
  "best_accuracy": 77.53,
  "percentage": 0.5,
  "combo": "flip_crop_cutmix"
}