{
  "train_losses": [
    2.2370927856445313,
    2.0514265407562258,
    1.9681534694671632,
    1.8913609254837036,
    1.908768888092041,
    1.894426817703247,
    1.8699541597366334,
    1.8359216526031494,
    1.8102873077392578,
    1.8066098621368407,
    1.7637943157196045,
    1.7907268043518065,
    1.7493829109191894,
    1.7677729362487793,
    1.7420762882232665,
    1.6711887153625489,
    1.717576033782959,
    1.6934039402008056,
    1.6904379655838013,
    1.701180551147461,
    1.6150273904800414,
    1.665762285232544,
    1.6205138786315918,
    1.6307250659942627,
    1.6249740077972412,
    1.6312992712020875,
    1.621440984725952,
    1.5619903228759766,
    1.6077534393310546,
    1.5535742233276366
  ],
  "val_losses": [
    0.031138989067077637,
    0.028237210369110106,
    0.02629460279941559,
    0.02554657576084137,
    0.025898749256134033,
    0.024754188811779022,
    0.02321540166139603,
    0.023339562368392946,
    0.022574296200275422,
    0.023043775761127473,
    0.021266611075401304,
    0.021463888251781464,
    0.021581224501132965,
    0.0206245205283165,
    0.019678739833831786,
    0.020079221963882447,
    0.02051713148355484,
    0.019691712641716003,
    0.019174032980203627,
    0.019190477484464646,
    0.01987944447994232,
    0.01859044919013977,
    0.0188421118915081,
    0.020139415365457533,
    0.017867467588186265,
    0.017575944900512695,
    0.01850451768040657,
    0.017956429916620255,
    0.01676065782904625,
    0.01705029127597809
  ],
  "val_accuracies": [
    27.05,
    37.17,
    39.68,
    40.15,
    38.56,
    44.7,
    46.15,
    46.96,
    49.74,
    45.52,
    52.05,
    50.74,
    51.01,
    53.19,
    55.56,
    54.89,
    54.8,
    54.45,
    55.35,
    55.83,
    53.9,
    57.89,
    55.72,
    53.46,
    59.1,
    59.51,
    59.29,
    57.17,
    61.82,
    61.35
  ],
  "best_accuracy": 61.82,
  "percentage": 0.1,
  "combo": "rotation_color_crop_cutmix"
}