{
  "train_losses": [
    2.1161833366394043,
    1.8710270378112792,
    1.8131139472961426,
    1.7265265419006348,
    1.6662555603027345,
    1.678569890975952,
    1.612628157043457,
    1.5769305658340453,
    1.5286602891921997,
    1.521115552520752,
    1.4869108070373536,
    1.4786335605621337,
    1.4261819610595703,
    1.4204815814971923,
    1.3916283515930177,
    1.356380216217041,
    1.365455710029602,
    1.3372489616394043,
    1.3354942459106445,
    1.3331180778503418,
    1.3051846187591554,
    1.2845054544448853,
    1.2622442111968994,
    1.2448555755615234,
    1.2868821180343628,
    1.214637031173706,
    1.2123585527420044,
    1.2106976917266845,
    1.1830191383361817,
    1.1811755569458007
  ],
  "val_losses": [
    0.028610031807422637,
    0.026683037960529326,
    0.024723575377464294,
    0.023354536592960357,
    0.023502310252189636,
    0.022086326456069946,
    0.021514378225803377,
    0.021803538250923158,
    0.022227661800384522,
    0.01984938317537308,
    0.020097343587875367,
    0.019463773107528688,
    0.02000756822824478,
    0.018305983424186708,
    0.019045675832033156,
    0.018377136904001237,
    0.018191728442907333,
    0.01836656990647316,
    0.018139565986394882,
    0.017587729436159133,
    0.016606650257110597,
    0.017006407529115676,
    0.016686213332414625,
    0.016422079420089723,
    0.016668623483181,
    0.01628300353884697,
    0.016808980107307435,
    0.016891202342510223,
    0.01591657159924507,
    0.01671514186859131
  ],
  "val_accuracies": [
    29.86,
    34.17,
    41.91,
    43.99,
    43.52,
    48.33,
    49.12,
    48.43,
    49.11,
    54.58,
    54.12,
    54.29,
    54.08,
    57.56,
    56.48,
    56.83,
    58.07,
    58.05,
    58.2,
    59.43,
    61.91,
    60.71,
    61.35,
    63.21,
    61.95,
    62.92,
    61.19,
    61.43,
    64.05,
    61.93
  ],
  "best_accuracy": 64.05,
  "percentage": 0.1,
  "combo": "flip_rotation_color_crop"
}