{
  "train_losses": [
    2.158921064376831,
    1.9239955577850343,
    1.8552011978149414,
    1.7846041227340699,
    1.788736814880371,
    1.7647914812088012,
    1.7479526357650756,
    1.685529154586792,
    1.669926498413086,
    1.6418088024139403,
    1.6289082427978516,
    1.623472509765625,
    1.5846500846862792,
    1.5739537807464599,
    1.6471078660964966,
    1.4943140274047853,
    1.5722277290344238,
    1.5591169788360595,
    1.5462719526290893,
    1.5414803131103516,
    1.4487902662277221,
    1.484599257659912,
    1.4810419327735902,
    1.4796833351135255,
    1.4327832744598388,
    1.4663794424057006,
    1.4291263000488281,
    1.4026183645248413,
    1.3532123565673828,
    1.3429294136047363
  ],
  "val_losses": [
    0.027735854518413542,
    0.025860717904567718,
    0.02386497468948364,
    0.022254797792434694,
    0.022378479933738708,
    0.024085168969631195,
    0.021502170145511628,
    0.0204505894780159,
    0.020847929430007933,
    0.019896191799640656,
    0.02086070033311844,
    0.01898512967824936,
    0.01792320165038109,
    0.01779953132867813,
    0.018700294411182403,
    0.017759433990716934,
    0.017586524963378907,
    0.01738983950018883,
    0.017571509337425233,
    0.01824562989473343,
    0.016882974964380265,
    0.017398567032814026,
    0.017546694922447204,
    0.017162925684452057,
    0.01772723776102066,
    0.016272099703550338,
    0.016485686576366426,
    0.01660861924290657,
    0.014488733953237534,
    0.015840996885299684
  ],
  "val_accuracies": [
    35.34,
    39.25,
    44.13,
    48.29,
    48.68,
    43.51,
    50.7,
    53.38,
    53.7,
    54.63,
    52.23,
    55.5,
    59.24,
    59.62,
    59.15,
    60.78,
    61.52,
    61.11,
    60.21,
    59.34,
    63.03,
    63.3,
    60.33,
    62.34,
    61.98,
    63.76,
    66.05,
    63.07,
    67.85,
    65.73
  ],
  "best_accuracy": 67.85,
  "percentage": 0.1,
  "combo": "flip_rotation_color_cutmix"
}