{
  "train_losses": [
    1.7218154538726806,
    1.4285468505096435,
    1.3036738500976564,
    1.2179911147308349,
    1.1450526949310302,
    1.0945492261505128,
    1.0538623415374755,
    1.0165011280822753,
    0.9852140857505798,
    0.9625915557861328,
    0.9400754530334473,
    0.9165016279602051,
    0.8981270820236206,
    0.8794249881744385,
    0.8545174911880493,
    0.8457286443519593,
    0.8342505229949951,
    0.8228509995651245,
    0.8097573759460449,
    0.7994613935089111,
    0.7912761757278443,
    0.7894854211235046,
    0.7765506536483765,
    0.7722706228637696,
    0.7706332205486298,
    0.7569873669052124,
    0.7527748487091065,
    0.7517829771041871,
    0.745603424949646,
    0.7402469903182983
  ],
  "val_losses": [
    0.02089753541946411,
    0.017828361314535142,
    0.015410835415124894,
    0.015049398666620254,
    0.014112223637104035,
    0.01398853262066841,
    0.012486606013774873,
    0.011791762644052505,
    0.011571418538689614,
    0.010995966216921806,
    0.011176721435785294,
    0.010953318467736244,
    0.010568345913290977,
    0.010157891404628753,
    0.011176037818193436,
    0.010127041041851043,
    0.009622092679142952,
    0.009700719565153122,
    0.009756555096805095,
    0.010057145816087723,
    0.00974970363676548,
    0.009292384505271912,
    0.009842257641255856,
    0.010106379693746568,
    0.009462030282616616,
    0.00970452645123005,
    0.009375834822654723,
    0.009079939064383508,
    0.009451183232665063,
    0.009497415581345559
  ],
  "val_accuracies": [
    51.94,
    59.21,
    65.8,
    65.03,
    68.19,
    67.79,
    72.26,
    73.76,
    73.8,
    75.28,
    75.2,
    75.58,
    76.66,
    77.35,
    75.7,
    77.32,
    78.73,
    78.5,
    78.81,
    77.62,
    78.5,
    79.28,
    78.33,
    78.16,
    79.94,
    78.72,
    79.33,
    79.74,
    79.36,
    78.97
  ],
  "best_accuracy": 79.94,
  "percentage": 1.0,
  "combo": "flip_rotation_color_crop"
}