{
  "train_losses": [
    1.8462896942138671,
    1.637055768814087,
    1.549897024154663,
    1.4817082564544677,
    1.4397154164505004,
    1.4177013889312744,
    1.3653575843429566,
    1.3478158794021606,
    1.3278057904815674,
    1.3083343785858155,
    1.2883837760162353,
    1.2654944270324706,
    1.2697969438934327,
    1.2299650171661376,
    1.2438679368019103,
    1.2212606294631958,
    1.2147456108474732,
    1.2055051328277588,
    1.1781171747207642,
    1.1740021925163269,
    1.1731574947357177,
    1.1631498205184936,
    1.1689118429946899,
    1.138752434654236,
    1.1547625453567505,
    1.1641957479858398,
    1.1080149784088136,
    1.134170544052124,
    1.1452766472244262,
    1.129611451473236
  ],
  "val_losses": [
    0.019488489913940428,
    0.017567775082588197,
    0.01589338876605034,
    0.014131353133916854,
    0.013939278185367584,
    0.01456905962228775,
    0.013098226326704026,
    0.013180984753370284,
    0.012934493237733841,
    0.012553160220384598,
    0.011922532176971435,
    0.011370887443423272,
    0.01105343262553215,
    0.010893468406796456,
    0.010506461381912231,
    0.011773765656352042,
    0.010288614082336426,
    0.010587481060624123,
    0.009866150352358818,
    0.010449702286720276,
    0.010726206696033478,
    0.01006764078438282,
    0.010048842903971672,
    0.011086558777093887,
    0.010491874966025352,
    0.00929795480966568,
    0.01071137585937977,
    0.01028797590136528,
    0.00976451241672039,
    0.009856249842047691
  ],
  "val_accuracies": [
    55.21,
    60.88,
    65.24,
    69.65,
    70.4,
    71.04,
    73.83,
    71.98,
    74.7,
    75.73,
    75.12,
    75.66,
    76.74,
    77.46,
    77.71,
    76.06,
    78.53,
    78.34,
    78.7,
    78.11,
    78.09,
    79.61,
    79.68,
    77.28,
    78.97,
    80.24,
    79.29,
    79.42,
    79.94,
    79.11
  ],
  "best_accuracy": 80.24,
  "percentage": 1.0,
  "combo": "flip_rotation_color_cutmix"
}