{
  "train_losses": [
    1.9225417866516112,
    1.7546289463806153,
    1.6566511721801758,
    1.5941159922790527,
    1.5559940217590331,
    1.5219587860107422,
    1.4658355207824707,
    1.4511052450561523,
    1.417952254257202,
    1.3814887961578368,
    1.3853755444335938,
    1.3695752352142334,
    1.3536154878997804,
    1.321359184989929,
    1.3191322390747071,
    1.3285326759719849,
    1.3150024819946289,
    1.2936981229782105,
    1.2865982054138183,
    1.255384842605591,
    1.2517383574676513,
    1.2433937741851806,
    1.2559549161148071,
    1.2119435318374634,
    1.2301199841308594,
    1.2404499376869202,
    1.198858731765747,
    1.21141981300354,
    1.2230345867156982,
    1.222609563102722
  ],
  "val_losses": [
    0.0224582479596138,
    0.01904920888543129,
    0.01746406208872795,
    0.015966743451356888,
    0.015112420815229417,
    0.015210521692037583,
    0.014555064010620117,
    0.013716866403818131,
    0.01349289225935936,
    0.013615082842111588,
    0.013355276674032211,
    0.01249471400976181,
    0.012575858014822007,
    0.011920013046264648,
    0.012229479321837424,
    0.01226971961259842,
    0.011041429927945138,
    0.012142966163158417,
    0.010925938984751702,
    0.010699305167794227,
    0.010707021871209145,
    0.011265307313203812,
    0.010624911829829217,
    0.010142913082242012,
    0.010434769991040229,
    0.010628473672270775,
    0.010733197519183158,
    0.010571813741326331,
    0.010846373802423478,
    0.010721000933647156
  ],
  "val_accuracies": [
    45.78,
    56.94,
    60.34,
    63.98,
    67.85,
    68.03,
    69.31,
    69.29,
    71.66,
    71.14,
    71.32,
    73.79,
    73.92,
    74.48,
    74.43,
    72.34,
    75.79,
    74.14,
    76.01,
    77.12,
    77.48,
    74.62,
    77.07,
    78.49,
    77.97,
    76.86,
    76.71,
    78.63,
    76.81,
    77.02
  ],
  "best_accuracy": 78.63,
  "percentage": 1.0,
  "combo": "flip_rotation_color_crop_cutmix"
}