{
  "train_losses": [
    1.8914383686065674,
    1.6796222365570068,
    1.5746316619110108,
    1.5057369960403442,
    1.4577409678268434,
    1.4141213902282714,
    1.35952671043396,
    1.3486287615776062,
    1.333048626060486,
    1.3013462016296387,
    1.2878399028396605,
    1.2690544952774048,
    1.2652332340240477,
    1.2205095379638673,
    1.2233173321151734,
    1.238394220085144,
    1.2023060154724121,
    1.2182683060073853,
    1.1674733281326295,
    1.181968882751465,
    1.1695734910202027,
    1.1680531656646729,
    1.1656275083160401,
    1.125090075817108,
    1.1425112120437622,
    1.1486305575180054,
    1.1188005466842652,
    1.1224963584899903,
    1.135877437057495,
    1.1281589134597778
  ],
  "val_losses": [
    0.020719065022468567,
    0.018193567913770674,
    0.016332549077272416,
    0.014529087257385253,
    0.014480191594362259,
    0.01415417993068695,
    0.015024732434749603,
    0.012525697416067124,
    0.012957470828294754,
    0.011444101837277412,
    0.012289046853780747,
    0.011374420747160911,
    0.011698852145671845,
    0.011985759228467941,
    0.01097650521993637,
    0.011314651894569396,
    0.010989989015460014,
    0.011066125068068504,
    0.010132472559809685,
    0.010495393377542496,
    0.010582098802924156,
    0.01003732348382473,
    0.010274975007772446,
    0.011308683228492737,
    0.009741951900720596,
    0.009546891489624978,
    0.01118402424454689,
    0.010201258680224418,
    0.009824048373103142,
    0.009974902442097663
  ],
  "val_accuracies": [
    52.14,
    59.07,
    63.82,
    67.96,
    69.09,
    70.32,
    67.22,
    73.86,
    72.47,
    75.85,
    74.3,
    75.33,
    74.76,
    74.53,
    76.51,
    76.8,
    76.01,
    77.1,
    78.15,
    78.15,
    77.7,
    78.84,
    77.45,
    75.84,
    79.52,
    79.25,
    76.93,
    78.04,
    79.19,
    78.79
  ],
  "best_accuracy": 79.52,
  "percentage": 1.0,
  "combo": "flip_color_crop_cutmix"
}