{
  "train_losses": [
    2.0386553998184205,
    1.7993987508392335,
    1.7650790505599976,
    1.7300758856201173,
    1.6386402519989014,
    1.6471526086044312,
    1.5699494693756104,
    1.5717016446304322,
    1.5483359523773192,
    1.5106255324935913,
    1.4975811679840088,
    1.4694452614593505,
    1.4781425618743897,
    1.4571237218475341,
    1.4386708185577393,
    1.383123984451294,
    1.4194835817718505,
    1.3941767388534545,
    1.3954169388008117,
    1.3769817386627197,
    1.3355407342147827,
    1.338821855697632,
    1.4007733682250976,
    1.3485966365814208,
    1.3962006146240233,
    1.2441260326385497,
    1.2860627252578736,
    1.3194417878341675,
    1.3141693575286866,
    1.2881238293647765
  ],
  "val_losses": [
    0.025107840871810914,
    0.02232877184152603,
    0.021524106776714326,
    0.01987239112854004,
    0.018218953621387483,
    0.018241158413887022,
    0.01711991801261902,
    0.016569726520776748,
    0.018047093427181245,
    0.01634051753282547,
    0.01565494319796562,
    0.016213467007875442,
    0.015969854813814164,
    0.014934009712934494,
    0.015849441689252855,
    0.014892030209302902,
    0.014527581870555877,
    0.014429519373178481,
    0.014182144892215729,
    0.014328001672029494,
    0.014084063935279846,
    0.013904225116968155,
    0.013916660261154176,
    0.013865977036952972,
    0.013390637969970703,
    0.012900222742557525,
    0.0134173613011837,
    0.01353408762216568,
    0.012946565407514573,
    0.012656810230016708
  ],
  "val_accuracies": [
    41.8,
    48.71,
    52.1,
    54.27,
    58.17,
    58.29,
    61.13,
    61.07,
    59.33,
    63.16,
    64.38,
    63.52,
    64.22,
    66.52,
    68.15,
    66.28,
    68.82,
    69.92,
    68.84,
    71.23,
    70.45,
    70.44,
    71.73,
    70.81,
    71.87,
    72.32,
    71.73,
    72.07,
    71.63,
    72.5
  ],
  "best_accuracy": 72.5,
  "percentage": 0.25,
  "combo": "flip_rotation_color_cutmix"
}