{
  "train_losses": [
    1.9050323166656493,
    1.6905214477539063,
    1.5911495360565187,
    1.5101198174667358,
    1.443293674888611,
    1.4033679288101197,
    1.359081660232544,
    1.3283234231948853,
    1.2780238576507568,
    1.2551431622314453,
    1.229234202041626,
    1.1869129024124145,
    1.1793356745147705,
    1.1638054336929322,
    1.1472285192489624,
    1.1179046548271179,
    1.1230616249084473,
    1.1011490759277345,
    1.090216509361267,
    1.0638344411849976,
    1.0569110922241212,
    1.0401283102226258,
    1.029691120147705,
    1.0231545232963561,
    1.0095385458374024,
    1.0057025464248657,
    0.9857615066146851,
    0.9842368470954895,
    0.9566856704330444,
    0.961725465221405
  ],
  "val_losses": [
    0.026032700645923616,
    0.022885587847232818,
    0.02109314988851547,
    0.019503245055675508,
    0.01864784500002861,
    0.01844065541625023,
    0.017589721977710724,
    0.017605273580551146,
    0.01573665364384651,
    0.017082269203662872,
    0.014987382525205612,
    0.015415447801351546,
    0.014826569426059723,
    0.014812979340553284,
    0.015350793737173081,
    0.014407350963354111,
    0.01438632931113243,
    0.014411101791262627,
    0.013174191093444825,
    0.013467937186360359,
    0.013153487139940263,
    0.013498921543359757,
    0.014517646497488022,
    0.014136158061027526,
    0.0128799475222826,
    0.012489449933171273,
    0.012376698052883148,
    0.012619482535123825,
    0.014715054449439048,
    0.012835083866119385
  ],
  "val_accuracies": [
    39.34,
    45.93,
    50.0,
    54.51,
    57.23,
    56.56,
    58.68,
    59.53,
    64.46,
    60.94,
    65.91,
    64.83,
    66.57,
    66.93,
    65.73,
    66.89,
    67.3,
    66.75,
    70.51,
    70.26,
    70.42,
    69.83,
    68.37,
    69.06,
    70.83,
    72.78,
    72.43,
    72.49,
    69.65,
    71.66
  ],
  "best_accuracy": 72.78,
  "percentage": 0.25,
  "combo": "flip_rotation_color_crop"
}