{
  "train_losses": [
    2.0495478830718996,
    1.858516778640747,
    1.851614928817749,
    1.7762427293014527,
    1.7278376740264894,
    1.7022808056640626,
    1.6319351527786254,
    1.6761809700775145,
    1.5795543013763427,
    1.5723066329574584,
    1.545844648399353,
    1.5472445204925538,
    1.5461168255996705,
    1.5181922246170043,
    1.5045263285446167,
    1.4654523096466066,
    1.4412097505187988,
    1.4305388512802124,
    1.4548659886932374,
    1.4184236373519898,
    1.3845092029953003,
    1.3874401668548584,
    1.4621417218017578,
    1.3930161186218262,
    1.425320586490631,
    1.3184763555908203,
    1.3630352970123292,
    1.3548577100372314,
    1.3520625150680543,
    1.3112254822158813
  ],
  "val_losses": [
    0.026782560753822328,
    0.022591506993770598,
    0.02307554017305374,
    0.020326417064666747,
    0.018880770510435105,
    0.018558708292245867,
    0.018652582198381423,
    0.017585911512374878,
    0.01908674840927124,
    0.01722450066804886,
    0.01806932932138443,
    0.01652025129199028,
    0.01692914559841156,
    0.01678231891989708,
    0.015658871495723724,
    0.014893834269046783,
    0.014820503711700439,
    0.015098704200983047,
    0.014768798178434371,
    0.014801893544197083,
    0.014164217436313629,
    0.015045788252353668,
    0.014778304815292359,
    0.013719327956438064,
    0.014061429470777511,
    0.014619692474603653,
    0.014073264628648758,
    0.014023814862966538,
    0.013068654084205628,
    0.013140577560663223
  ],
  "val_accuracies": [
    38.66,
    46.75,
    47.96,
    54.42,
    57.06,
    58.02,
    56.84,
    58.9,
    55.26,
    60.52,
    58.46,
    63.38,
    62.79,
    61.98,
    66.41,
    66.89,
    66.07,
    66.74,
    68.64,
    69.13,
    68.92,
    67.72,
    67.48,
    70.6,
    68.49,
    68.11,
    70.35,
    69.27,
    71.5,
    70.86
  ],
  "best_accuracy": 71.5,
  "percentage": 0.25,
  "combo": "flip_color_crop_cutmix"
}