{
  "train_losses": [
    1.5300048435211182,
    1.1677073782348633,
    1.0097558571243286,
    0.8987828095054626,
    0.834814718055725,
    0.7602891409873962,
    0.706658376865387,
    0.6598175310611725,
    0.6092142144775391,
    0.5669871431541443,
    0.5274347709083557,
    0.4869548808956146,
    0.45006086002349854,
    0.41899681743621825,
    0.3865043654823303,
    0.35303034740447997,
    0.3262875823879242,
    0.3036751881885529,
    0.2888531230163574,
    0.25718395764350893,
    0.24969991830825805,
    0.2350447202062607,
    0.21994778455734254,
    0.20555820989608764,
    0.20909711482048035,
    0.19620569853305816,
    0.18381129931926726,
    0.17488361888885498,
    0.17327384612083435,
    0.171838685836792
  ],
  "val_losses": [
    0.019836361467838286,
    0.016782371109724043,
    0.015512545084953307,
    0.014230468571186065,
    0.013859021282196045,
    0.012124990168213844,
    0.012920122730731964,
    0.012369419044256211,
    0.012065651407837868,
    0.012382934626936912,
    0.011687823802232742,
    0.01147666224837303,
    0.012068592581152915,
    0.012050281158089638,
    0.012170470941066741,
    0.011703288382291795,
    0.012659902134537698,
    0.013720688199996948,
    0.012233253699541091,
    0.013257476848363876,
    0.01309645673930645,
    0.01310982944071293,
    0.014467352202534676,
    0.014121682757139205,
    0.015985581052303313,
    0.013920221030712127,
    0.013767576807737351,
    0.014255365911126137,
    0.014815959551930427,
    0.016720549151301382
  ],
  "val_accuracies": [
    53.58,
    61.89,
    65.6,
    67.44,
    68.45,
    73.04,
    71.72,
    73.23,
    73.21,
    73.18,
    74.79,
    75.43,
    74.81,
    75.37,
    75.56,
    76.35,
    75.81,
    73.13,
    77.12,
    75.57,
    75.87,
    75.85,
    74.49,
    74.77,
    72.1,
    75.33,
    76.61,
    75.49,
    75.24,
    73.76
  ],
  "best_accuracy": 77.12,
  "percentage": 0.5,
  "combo": "none"
}