{
  "train_losses": [
    1.905001160736084,
    1.7634350213623047,
    1.678001703529358,
    1.6145998125457763,
    1.5591404766082764,
    1.5280764685058594,
    1.5017430512237548,
    1.4588453603363036,
    1.4388274161148071,
    1.4265932935905457,
    1.3918208829879761,
    1.427745789489746,
    1.3437028250312806,
    1.3422769356918336,
    1.3284252373886107,
    1.316313644065857,
    1.300687869720459,
    1.3007271251296997,
    1.3226434677124024,
    1.2621254217529296,
    1.2946741845703125,
    1.2667771307373046,
    1.2300639071273805,
    1.2522199566268921,
    1.2468020916748046,
    1.253523289756775,
    1.205731761932373,
    1.188648219871521,
    1.2387629703903198,
    1.2115251226997374
  ],
  "val_losses": [
    0.02420276082754135,
    0.0207317622423172,
    0.02052801916599274,
    0.018832302433252335,
    0.016599241977930067,
    0.01580100039243698,
    0.016076724606752395,
    0.015363496047258377,
    0.014207320296764374,
    0.013990237361192703,
    0.014911967939138413,
    0.014184844446182251,
    0.012661637759208678,
    0.013225917720794678,
    0.012782387691736221,
    0.012324039155244828,
    0.012830052942037583,
    0.01228907903134823,
    0.011912870234251022,
    0.013575147277116775,
    0.011974751913547516,
    0.0131383718252182,
    0.011910296979546547,
    0.012411057710647584,
    0.011687864732742309,
    0.011295048561692238,
    0.01174626877605915,
    0.011154336932301522,
    0.01136173910498619,
    0.011378887125849724
  ],
  "val_accuracies": [
    41.54,
    49.91,
    51.74,
    56.67,
    64.29,
    64.3,
    63.06,
    67.61,
    69.05,
    69.56,
    67.61,
    69.33,
    72.11,
    70.94,
    72.3,
    73.67,
    71.7,
    73.14,
    74.4,
    69.76,
    74.01,
    70.16,
    75.12,
    74.37,
    75.4,
    76.41,
    74.93,
    76.27,
    74.49,
    76.03
  ],
  "best_accuracy": 76.41,
  "percentage": 0.5,
  "combo": "flip_rotation_crop_cutmix"
}