{
  "train_losses": [
    1.989122689857483,
    1.833413815460205,
    1.7364985063934326,
    1.6862740269088745,
    1.6094436365509033,
    1.552173649368286,
    1.521329494857788,
    1.504630608520508,
    1.483148357925415,
    1.4662219656562805,
    1.4324743059921266,
    1.4585878092193603,
    1.3730350792121888,
    1.367961381034851,
    1.3635341371917724,
    1.350061765899658,
    1.350529181289673,
    1.3277008694076537,
    1.3369465422058104,
    1.2775118712997438,
    1.3177822309112548,
    1.2551341382217407,
    1.2759105767822265,
    1.2676735350227355,
    1.2515956893539428,
    1.2721129737854004,
    1.2142846601104735,
    1.2256386125946044,
    1.2191097416877748,
    1.193157325782776
  ],
  "val_losses": [
    0.024488335394859315,
    0.021713885724544524,
    0.02003036458492279,
    0.018003464269638062,
    0.017506185162067412,
    0.016325140780210495,
    0.01631147254705429,
    0.015815957403182982,
    0.014823836207389831,
    0.014820341873168946,
    0.014541016125679016,
    0.014290330797433854,
    0.013114796829223632,
    0.01326482412815094,
    0.012889006739854813,
    0.012838690155744552,
    0.013959475374221802,
    0.012546615940332413,
    0.012059505912661552,
    0.01265035353899002,
    0.011922103708982468,
    0.01214489095211029,
    0.011846323028206825,
    0.01213954502940178,
    0.011255203053355216,
    0.01169930282831192,
    0.011814201462268829,
    0.01152915740609169,
    0.01034076944589615,
    0.011453057515621185
  ],
  "val_accuracies": [
    42.19,
    49.94,
    54.62,
    58.54,
    61.63,
    63.45,
    62.58,
    64.76,
    68.02,
    67.8,
    69.59,
    69.15,
    71.54,
    71.4,
    72.02,
    72.0,
    71.06,
    74.04,
    74.14,
    72.89,
    74.69,
    74.19,
    75.33,
    75.23,
    75.82,
    75.16,
    75.83,
    76.02,
    77.51,
    76.04
  ],
  "best_accuracy": 77.51,
  "percentage": 0.5,
  "combo": "flip_color_crop_cutmix"
}