{
  "train_losses": [
    2.1539831729888914,
    1.9408853332519531,
    1.848781966781616,
    1.7974342529296874,
    1.7559840293884277,
    1.7646978631973267,
    1.7465961685180664,
    1.7057010986328125,
    1.6489231597900391,
    1.6168750762939452,
    1.6111917442321777,
    1.5827748695373536,
    1.583760641670227,
    1.6061511120796204,
    1.5902093475341796,
    1.4812705072402954,
    1.563806969642639,
    1.47177538356781,
    1.504501619720459,
    1.5308316837310791,
    1.4095873520851134,
    1.4734149677276611,
    1.4586298112869263,
    1.4569591640472412,
    1.4130298221588136,
    1.4979665019989015,
    1.4064045749664307,
    1.310989589691162,
    1.3374788738250731,
    1.3760119686126708
  ],
  "val_losses": [
    0.02767280910015106,
    0.02498764556646347,
    0.024586560213565825,
    0.022621209824085237,
    0.022472999119758606,
    0.022916019523143767,
    0.020197498083114624,
    0.02097573139667511,
    0.020931189382076262,
    0.019125904113054277,
    0.020664522695541383,
    0.018469580459594726,
    0.019088588535785676,
    0.01806495178937912,
    0.018503207927942276,
    0.01722731130719185,
    0.01818698405623436,
    0.016922398412227632,
    0.016663457131385805,
    0.018085582369565964,
    0.016714380699396132,
    0.01663864505290985,
    0.016290989243984224,
    0.01636802939772606,
    0.016053362989425658,
    0.015769799512624742,
    0.01654366145133972,
    0.016430630737543105,
    0.016695220679044723,
    0.015403666365146637
  ],
  "val_accuracies": [
    34.57,
    42.68,
    45.17,
    46.15,
    48.75,
    48.12,
    53.46,
    53.44,
    53.0,
    57.53,
    56.83,
    57.31,
    57.48,
    58.95,
    59.12,
    60.44,
    61.08,
    61.99,
    62.38,
    60.29,
    62.59,
    63.04,
    64.65,
    64.65,
    64.81,
    65.9,
    65.9,
    62.66,
    62.5,
    67.01
  ],
  "best_accuracy": 67.01,
  "percentage": 0.1,
  "combo": "rotation_color_cutmix"
}