{
  "train_losses": [
    2.130528694152832,
    1.8542122592926025,
    1.7529768928527831,
    1.6868716728210449,
    1.649815375328064,
    1.6060801681518555,
    1.5759513793945312,
    1.520888207244873,
    1.4656313037872315,
    1.4444156396865844,
    1.4299758598327637,
    1.386414888381958,
    1.3414843587875367,
    1.33425426902771,
    1.2764238288879395,
    1.2982068210601807,
    1.2617402545928955,
    1.277647477722168,
    1.2670569770812987,
    1.2230933620452882,
    1.187102590751648,
    1.179213910293579,
    1.178541335105896,
    1.1615085218429566,
    1.14915725107193,
    1.1318548244476319,
    1.1251038745880126,
    1.0988339551925659,
    1.1009207042694091,
    1.092249571418762
  ],
  "val_losses": [
    0.02849325246810913,
    0.02530998648405075,
    0.02394924567937851,
    0.022823454666137694,
    0.022248277652263643,
    0.02120203945636749,
    0.021852083921432494,
    0.019949914622306823,
    0.0193438898563385,
    0.019557954096794127,
    0.02268368707895279,
    0.019221679586172102,
    0.017795649027824403,
    0.01751304915547371,
    0.01852781935930252,
    0.016933926236629485,
    0.016878234255313873,
    0.017138634979724884,
    0.016511058527231216,
    0.01699258957505226,
    0.01615117772221565,
    0.015845412367582322,
    0.01630879774093628,
    0.01702269319295883,
    0.016378409552574157,
    0.016586050742864608,
    0.015828145956993105,
    0.015253083539009095,
    0.016227656561136245,
    0.015935739171504974
  ],
  "val_accuracies": [
    33.74,
    40.48,
    43.73,
    47.35,
    46.76,
    52.07,
    48.31,
    54.27,
    54.94,
    54.84,
    49.72,
    55.96,
    59.51,
    60.02,
    56.43,
    60.57,
    61.52,
    61.21,
    61.73,
    62.16,
    63.28,
    64.03,
    62.62,
    61.92,
    62.79,
    61.84,
    62.66,
    65.55,
    62.59,
    64.73
  ],
  "best_accuracy": 65.55,
  "percentage": 0.1,
  "combo": "flip_color_crop"
}