{
  "train_losses": [
    1.8857991954803466,
    1.5519268487930298,
    1.4009717189788817,
    1.2595061111450194,
    1.1744382556915283,
    1.0909398468017577,
    1.0246587217330934,
    0.938839693069458,
    0.8790532176971435,
    0.8367178689002991,
    0.7116055807113647,
    0.6444667408943177,
    0.6013228507041931,
    0.5586050996303559,
    0.4883578561782837,
    0.4332935333251953,
    0.3973387948989868,
    0.42962284421920777,
    0.32479989624023436,
    0.3083885383605957,
    0.317383802652359,
    0.2115781297683716,
    0.22779123454093933,
    0.18362375888824464,
    0.2459453631401062,
    0.2109511730194092,
    0.2508728875398636,
    0.1610147686481476,
    0.11566178603172302,
    0.1316981287717819
  ],
  "val_losses": [
    0.024263452541828157,
    0.022258697378635405,
    0.020633294916152956,
    0.019206293737888337,
    0.019840567660331727,
    0.018801066851615904,
    0.019454470175504685,
    0.01754510160088539,
    0.019506854140758513,
    0.01854423542022705,
    0.017244669437408447,
    0.020176393097639085,
    0.02089809136390686,
    0.017032267153263093,
    0.018025189703702926,
    0.019141870152950286,
    0.021514885532855986,
    0.020012564063072204,
    0.020628196495771408,
    0.022744762045145035,
    0.018557922875881195,
    0.01972787200808525,
    0.019591152203083037,
    0.020651736813783645,
    0.02368881950378418,
    0.022341581130027773,
    0.023777603375911713,
    0.022128976434469223,
    0.02478086078763008,
    0.023661626863479616
  ],
  "val_accuracies": [
    42.54,
    48.07,
    52.65,
    55.34,
    54.8,
    57.04,
    56.37,
    59.46,
    57.43,
    60.46,
    62.96,
    59.0,
    58.73,
    63.5,
    62.76,
    62.72,
    60.36,
    62.71,
    63.53,
    61.05,
    65.12,
    64.78,
    65.01,
    65.02,
    61.94,
    62.72,
    62.07,
    64.12,
    63.62,
    63.41
  ],
  "best_accuracy": 65.12,
  "percentage": 0.1,
  "combo": "none"
}