{
  "train_losses": [
    2.1490121700286866,
    1.96127734375,
    1.8718343204498291,
    1.8337598072052002,
    1.7779905952453614,
    1.81980087890625,
    1.7421155887603759,
    1.759096329498291,
    1.727846223449707,
    1.7028957317352296,
    1.6782369285583496,
    1.6849777051925658,
    1.6045055891036988,
    1.6693615509033204,
    1.6555071079254151,
    1.6375036781311034,
    1.6142486227035522,
    1.5846138694763183,
    1.6353200332641602,
    1.6024436393737793,
    1.5059559553146362,
    1.5771012628555299,
    1.524331365966797,
    1.5536901546478272,
    1.515595873451233,
    1.5764712604522706,
    1.5143607116699218,
    1.4683685775756836,
    1.466485555267334,
    1.3863355361938476
  ],
  "val_losses": [
    0.02804866131544113,
    0.025495817708969117,
    0.024819604671001434,
    0.02457693085670471,
    0.024508294773101808,
    0.024817423903942107,
    0.022693695890903472,
    0.022189795243740082,
    0.02298373168706894,
    0.021396529555320738,
    0.02269385384321213,
    0.020671364879608155,
    0.02026253958940506,
    0.01979582324028015,
    0.019506333434581757,
    0.019711756646633147,
    0.019365811306238174,
    0.018996070837974548,
    0.01838157146573067,
    0.019434060060977938,
    0.018519779294729234,
    0.01835282548069954,
    0.017966694045066834,
    0.018487598842382432,
    0.01735036742091179,
    0.018654031658172608,
    0.01799630828499794,
    0.018234510850906372,
    0.01737157981991768,
    0.0166183345079422
  ],
  "val_accuracies": [
    35.04,
    40.11,
    40.48,
    42.38,
    42.16,
    43.1,
    46.73,
    48.07,
    45.77,
    49.29,
    48.87,
    52.01,
    53.28,
    53.3,
    54.8,
    55.53,
    54.38,
    56.58,
    57.73,
    57.8,
    57.58,
    59.22,
    59.23,
    57.59,
    60.62,
    56.85,
    59.13,
    59.17,
    60.57,
    62.77
  ],
  "best_accuracy": 62.77,
  "percentage": 0.1,
  "combo": "rotation_crop_cutmix"
}