{
  "train_losses": [
    2.151404216003418,
    1.9186460355758668,
    1.7787118194580078,
    1.765755360031128,
    1.7229681564331054,
    1.6929174190521241,
    1.6682137134552002,
    1.6836221290588378,
    1.5872413417816162,
    1.6009111640930176,
    1.5134681800842285,
    1.5527273651123046,
    1.4509345048904418,
    1.4932971634864807,
    1.4840485988616943,
    1.397302239227295,
    1.5185499172210692,
    1.4550935340881348,
    1.3780204481124878,
    1.4141794801712035,
    1.2594924482345582,
    1.38425333442688,
    1.3506255863189698,
    1.3589500114440918,
    1.292614627456665,
    1.3259289953231812,
    1.2649924827575683,
    1.2424826097488404,
    1.2321086368560792,
    1.1928081842422484
  ],
  "val_losses": [
    0.028054838371276855,
    0.025052432572841645,
    0.024635823345184327,
    0.022900818574428557,
    0.022950887548923493,
    0.020622213423252107,
    0.01987918944358826,
    0.019871347630023958,
    0.020548737263679503,
    0.019180365926027298,
    0.018199149572849273,
    0.01892613371014595,
    0.017809202778339386,
    0.01654666356444359,
    0.018348891109228133,
    0.018392094415426254,
    0.016947607201337814,
    0.016646576690673827,
    0.015392131906747817,
    0.016572001791000365,
    0.01523369843363762,
    0.015451261681318284,
    0.01621790679693222,
    0.015645538979768753,
    0.016058030134439467,
    0.016167799866199494,
    0.015334300941228866,
    0.014529827415943147,
    0.014273018455505371,
    0.013941521406173706
  ],
  "val_accuracies": [
    34.16,
    40.03,
    40.73,
    46.0,
    46.39,
    53.02,
    54.46,
    53.9,
    51.76,
    55.51,
    59.56,
    56.69,
    59.78,
    64.16,
    58.91,
    58.69,
    63.26,
    63.47,
    65.23,
    65.16,
    66.33,
    65.8,
    63.47,
    64.87,
    64.26,
    64.81,
    67.53,
    68.36,
    68.71,
    69.65
  ],
  "best_accuracy": 69.65,
  "percentage": 0.1,
  "combo": "flip_color_cutmix"
}