{
  "train_losses": [
    2.2382669784545897,
    2.0252012950897216,
    1.947448365020752,
    1.8847138135910033,
    1.9040722244262696,
    1.8490532098770143,
    1.8508722736358643,
    1.8343980239868165,
    1.7699591712951661,
    1.7857120407104492,
    1.7266296878814698,
    1.7193542778015136,
    1.705528377532959,
    1.7442905582427979,
    1.7017667284011841,
    1.6594207893371582,
    1.7063081535339355,
    1.6347277633666992,
    1.5996743156433106,
    1.5936948482513427,
    1.563461127471924,
    1.6212438892364502,
    1.5590877071380616,
    1.542469003868103,
    1.544197248840332,
    1.5625506135940552,
    1.5301355800628662,
    1.4382932113647462,
    1.5014359279632568,
    1.4735382246017457
  ],
  "val_losses": [
    0.031247219455242156,
    0.02920593487024307,
    0.027029302263259888,
    0.023950434088706972,
    0.024138432490825652,
    0.023613155031204223,
    0.023224535942077636,
    0.02256747200489044,
    0.023867053472995756,
    0.02116143661737442,
    0.021269005823135376,
    0.020699786710739135,
    0.0222882053732872,
    0.01969205722808838,
    0.01982728692293167,
    0.018215395438671112,
    0.02018991312980652,
    0.019525680458545684,
    0.019079347479343416,
    0.01881261758804321,
    0.017521955549716948,
    0.018172843474149703,
    0.0179250919342041,
    0.017238954520225527,
    0.01750452609658241,
    0.016913780587911605,
    0.0165575945019722,
    0.01614210295677185,
    0.01616942771077156,
    0.01921933792233467
  ],
  "val_accuracies": [
    22.74,
    29.66,
    37.63,
    42.2,
    45.21,
    46.88,
    44.89,
    48.42,
    44.74,
    51.72,
    52.51,
    52.21,
    48.42,
    53.87,
    55.19,
    58.45,
    55.38,
    55.81,
    55.87,
    59.98,
    61.07,
    62.24,
    58.96,
    63.02,
    60.27,
    60.99,
    64.29,
    65.06,
    64.26,
    57.62
  ],
  "best_accuracy": 65.06,
  "percentage": 0.1,
  "combo": "color_crop_cutmix"
}