{
  "train_losses": [
    2.1036158220291137,
    1.7920312274932861,
    1.6737659572601318,
    1.607830871963501,
    1.5601812866210938,
    1.519458423614502,
    1.4698777194976806,
    1.4304484035491942,
    1.411166082572937,
    1.406094174194336,
    1.3655570388793945,
    1.3525390537261963,
    1.3056486825942992,
    1.3025945739746094,
    1.321197248840332,
    1.2446342292785644,
    1.256872487449646,
    1.2235899627685547,
    1.1843298862457274,
    1.1996522331237793,
    1.181859327316284,
    1.158458790397644,
    1.1477218494415282,
    1.119064333343506,
    1.1245632572174071,
    1.1403504697799682,
    1.11257682762146,
    1.0964945840835572,
    1.0660041253089905,
    1.0497099422454834
  ],
  "val_losses": [
    0.028010084855556488,
    0.025982883727550508,
    0.024318788731098176,
    0.023821875977516175,
    0.024740165221691132,
    0.022356378567218782,
    0.021044020211696626,
    0.02055351470708847,
    0.021427016127109528,
    0.020438753175735475,
    0.020143629693984984,
    0.019552727538347244,
    0.019201589715480805,
    0.02094171690940857,
    0.01998987262248993,
    0.017896015226840974,
    0.018361728751659392,
    0.017449534600973128,
    0.01756489161849022,
    0.01828360450267792,
    0.016807803606987,
    0.017582609713077544,
    0.01615467376112938,
    0.017130350357294082,
    0.017242061525583267,
    0.016365805923938753,
    0.016606667423248293,
    0.017134303897619246,
    0.016321995264291764,
    0.014872576242685318
  ],
  "val_accuracies": [
    32.8,
    38.67,
    41.75,
    42.66,
    41.61,
    46.71,
    50.43,
    51.6,
    50.38,
    52.12,
    53.91,
    55.13,
    55.84,
    51.74,
    53.08,
    57.01,
    57.65,
    59.68,
    58.42,
    57.56,
    61.17,
    59.72,
    62.73,
    60.84,
    61.0,
    62.71,
    62.39,
    61.73,
    62.81,
    66.41
  ],
  "best_accuracy": 66.41,
  "percentage": 0.1,
  "combo": "flip_rotation_crop"
}