{
  "train_losses": [
    1.7816996215438843,
    1.566599044342041,
    1.4544869819641113,
    1.3997151847839355,
    1.3471783289527892,
    1.3169748234176635,
    1.2638580113220215,
    1.2447923517990112,
    1.2224315381240844,
    1.207657801322937,
    1.211704098739624,
    1.1910166852760316,
    1.1819241436386108,
    1.1556223659896852,
    1.1440074115371703,
    1.1540163771438599,
    1.1609901362609862,
    1.1185231029129028,
    1.1116067211914062,
    1.0959361208152771,
    1.108049243965149,
    1.0924240726470946,
    1.1071723402786255,
    1.0554970196914673,
    1.074368317489624,
    1.0869314060401916,
    1.0522267133331298,
    1.0709668912887573,
    1.0692901972579956,
    1.0428293926620484
  ],
  "val_losses": [
    0.019292116630077363,
    0.018013856482505797,
    0.014826592695713044,
    0.013958030641078948,
    0.01355901596546173,
    0.012647898751497268,
    0.01291816269159317,
    0.011673046454787254,
    0.01186285108923912,
    0.01132224225103855,
    0.011909693548083305,
    0.01167012297809124,
    0.011104571518301964,
    0.010945178273320198,
    0.010544489485025406,
    0.010544205114245414,
    0.01006663005053997,
    0.010289441415667533,
    0.009479943144321441,
    0.010264278966188431,
    0.009418915027379989,
    0.010153089529275895,
    0.010192960458993911,
    0.009495763996243477,
    0.00941495686173439,
    0.009192833310365677,
    0.010194640898704529,
    0.009936804351210594,
    0.0099960936576128,
    0.009380977806448936
  ],
  "val_accuracies": [
    56.44,
    59.23,
    68.41,
    69.97,
    72.1,
    73.18,
    73.36,
    76.44,
    75.24,
    75.68,
    75.85,
    76.49,
    77.87,
    79.1,
    78.47,
    78.34,
    79.33,
    79.64,
    79.99,
    79.71,
    80.35,
    79.62,
    78.94,
    80.55,
    80.8,
    80.7,
    79.53,
    80.11,
    80.25,
    80.49
  ],
  "best_accuracy": 80.8,
  "percentage": 1.0,
  "combo": "flip_rotation_cutmix"
}