{
  "train_losses": [
    1.8182036958312988,
    1.6051132289123535,
    1.509939356842041,
    1.447274845161438,
    1.3992304362487793,
    1.3661858893585206,
    1.2982513675689697,
    1.2998814643096923,
    1.2522360927200318,
    1.2336303287887573,
    1.2375804430007935,
    1.1975719246292114,
    1.2002089260673523,
    1.157479902420044,
    1.158786983165741,
    1.1747524030303955,
    1.1412127585983276,
    1.144373595275879,
    1.1093812888526917,
    1.0776939972496034,
    1.1118546794128419,
    1.0950185318374634,
    1.0964573903656005,
    1.0578758502388002,
    1.0850807216262817,
    1.0723579425811767,
    1.039659472465515,
    1.0566473319625855,
    1.0678423453903199,
    1.0646889805030824
  ],
  "val_losses": [
    0.020727469205856323,
    0.01777270654439926,
    0.015928112530708312,
    0.014729456287622452,
    0.014890999746322632,
    0.013587530505657195,
    0.012644341152906418,
    0.012724860960245133,
    0.011497380769252778,
    0.012416865062713623,
    0.012351728159189224,
    0.011170022132992745,
    0.011354838794469833,
    0.011144627240300178,
    0.01060493498146534,
    0.011369280236959458,
    0.010860333678126334,
    0.011345529019832611,
    0.010106094500422477,
    0.010645212039351464,
    0.010608299452066422,
    0.010539994132518769,
    0.009816116958856582,
    0.009711192572116853,
    0.009595547792315483,
    0.009547007262706757,
    0.009963745331764222,
    0.009947210770845413,
    0.009835075476765633,
    0.009625916799902916
  ],
  "val_accuracies": [
    52.01,
    59.63,
    65.0,
    67.46,
    67.31,
    70.56,
    72.53,
    72.66,
    75.85,
    73.08,
    74.89,
    76.95,
    77.21,
    76.71,
    77.83,
    76.65,
    77.04,
    77.03,
    78.84,
    76.77,
    79.08,
    78.87,
    79.21,
    80.08,
    80.35,
    79.62,
    79.69,
    79.68,
    80.4,
    80.34
  ],
  "best_accuracy": 80.4,
  "percentage": 1.0,
  "combo": "flip_crop_cutmix"
}