{
  "train_losses": [
    1.9994770303726197,
    1.8050421258544922,
    1.8092349029541015,
    1.7344831219100951,
    1.6739590552520751,
    1.6914917830657958,
    1.6240989532852173,
    1.6389216870498657,
    1.5845429192352294,
    1.5572164786911011,
    1.5217565211105346,
    1.490922537536621,
    1.5350630785369872,
    1.4859851094436645,
    1.5009399087524413,
    1.4307669384002686,
    1.4367513333129882,
    1.4382932138061524,
    1.429912790145874,
    1.3843698150634767,
    1.3447869002914428,
    1.3681707854461669,
    1.4211980517196656,
    1.3617862299346923,
    1.3975056386566163,
    1.2569000872421265,
    1.2733336766815186,
    1.334196024284363,
    1.312194437904358,
    1.2612767226791382
  ],
  "val_losses": [
    0.02479720724821091,
    0.024429618096351625,
    0.022580959475040435,
    0.021249032986164092,
    0.020132977145910263,
    0.02014137431383133,
    0.019821519535779954,
    0.018726538187265395,
    0.01988944903612137,
    0.018031235158443452,
    0.016138375401496888,
    0.016271741116046904,
    0.017298553156852723,
    0.015943084847927093,
    0.01630822818875313,
    0.016288959163427354,
    0.01646891465187073,
    0.01562729901075363,
    0.016364420700073243,
    0.015758199465274812,
    0.014566515481472015,
    0.0147497349858284,
    0.014299112659692765,
    0.01387756001353264,
    0.013359760367870331,
    0.0135431098818779,
    0.013840504759550095,
    0.013133930218219757,
    0.01393505847454071,
    0.013696807438135146
  ],
  "val_accuracies": [
    39.23,
    40.99,
    47.16,
    49.49,
    53.42,
    54.05,
    53.79,
    57.5,
    55.39,
    59.29,
    63.47,
    64.1,
    59.82,
    64.58,
    64.65,
    64.09,
    61.96,
    65.16,
    63.41,
    64.25,
    68.28,
    67.33,
    69.74,
    69.02,
    70.44,
    70.28,
    69.42,
    72.27,
    70.16,
    68.91
  ],
  "best_accuracy": 72.27,
  "percentage": 0.25,
  "combo": "rotation_crop_cutmix"
}