{
  "train_losses": [
    1.6733440112304687,
    1.3329084322357179,
    1.1548465749359131,
    1.0436521725845338,
    0.9487567420005798,
    0.8807799230957031,
    0.8067656246757507,
    0.7455594771957398,
    0.6904824230003357,
    0.6435437123680114,
    0.5806284988403321,
    0.5374740778923035,
    0.49635189962387083,
    0.4460729808998108,
    0.41169233249664305,
    0.3646566160774231,
    0.3226924664878845,
    0.31434247772216795,
    0.27303073373794556,
    0.26905847754478457,
    0.23458442613601685,
    0.23181183979153633,
    0.19552709401130677,
    0.18010593564987182,
    0.1832782899093628,
    0.1620187178325653,
    0.1732211711406708,
    0.1548733357667923,
    0.14963025317668915,
    0.12722574164390563
  ],
  "val_losses": [
    0.02198834019899368,
    0.018006226748228073,
    0.01763845952153206,
    0.016527456569671632,
    0.014484414422512054,
    0.01541539290547371,
    0.015858806151151657,
    0.014385451579093933,
    0.014920278197526931,
    0.01534340551495552,
    0.01387785576581955,
    0.013462018555402756,
    0.01457856315970421,
    0.013755231472849846,
    0.015089430117607116,
    0.015143812727928162,
    0.014196661552786828,
    0.015251202595233918,
    0.01570287279188633,
    0.01522023604810238,
    0.016484738221764564,
    0.016678608539700508,
    0.020522908383607864,
    0.01794167695045471,
    0.017083725383877753,
    0.021216483438014983,
    0.019507113993167877,
    0.01749581874012947,
    0.01671551361978054,
    0.018746861124038696
  ],
  "val_accuracies": [
    49.23,
    58.83,
    60.53,
    62.35,
    67.32,
    65.3,
    65.54,
    67.79,
    67.61,
    66.51,
    70.0,
    70.34,
    70.36,
    72.08,
    71.0,
    70.17,
    71.64,
    71.83,
    70.76,
    71.98,
    70.52,
    70.62,
    68.37,
    70.82,
    70.51,
    68.35,
    70.03,
    71.58,
    71.24,
    70.77
  ],
  "best_accuracy": 72.08,
  "percentage": 0.25,
  "combo": "none"
}