{
  "train_losses": [
    2.0015206520080566,
    1.7530044229888917,
    1.7537800811004638,
    1.6668894763946533,
    1.6236899662017823,
    1.6435325008773805,
    1.5569061293792725,
    1.5617720500946044,
    1.5029317761611938,
    1.4828838551712036,
    1.4609960739517212,
    1.4557721614456176,
    1.4734307472229005,
    1.4238036087799073,
    1.4266178876876832,
    1.361866805152893,
    1.3666521597671508,
    1.3755094501495362,
    1.3679020666122437,
    1.329524593887329,
    1.321481188659668,
    1.3321148805999756,
    1.3815759236907958,
    1.313966104736328,
    1.325802751121521,
    1.1882424073982238,
    1.2823186281967163,
    1.2538827796554566,
    1.2748745920944213,
    1.2329495247650146
  ],
  "val_losses": [
    0.02620764240026474,
    0.024022292518615724,
    0.02139768706560135,
    0.019833327317237855,
    0.019044212150573732,
    0.019259106934070586,
    0.01939170488715172,
    0.01869549669623375,
    0.019168466305732726,
    0.016272975319623947,
    0.016713848638534545,
    0.016673236000537873,
    0.016747786104679106,
    0.014733954918384551,
    0.016958994638919832,
    0.014467476749420166,
    0.015002604228258132,
    0.01431064390540123,
    0.014463492965698242,
    0.014418456047773361,
    0.013296841990947723,
    0.014091163063049316,
    0.014286356765031814,
    0.013948195540904998,
    0.013464112794399262,
    0.012677509409189224,
    0.01322627146244049,
    0.013144344359636307,
    0.012636674517393112,
    0.013025434190034867
  ],
  "val_accuracies": [
    37.44,
    42.83,
    50.52,
    53.9,
    55.58,
    55.38,
    56.5,
    57.44,
    55.37,
    62.73,
    61.3,
    63.48,
    63.7,
    67.1,
    61.62,
    67.63,
    66.16,
    68.42,
    67.62,
    68.07,
    71.38,
    68.8,
    68.86,
    70.03,
    70.69,
    72.5,
    71.56,
    73.24,
    72.12,
    71.14
  ],
  "best_accuracy": 73.24,
  "percentage": 0.25,
  "combo": "flip_crop_cutmix"
}