{
  "train_losses": [
    1.9584729446029663,
    1.688680381088257,
    1.6080054693603516,
    1.5167019856262207,
    1.4461853787994385,
    1.4005949864959717,
    1.3734601602935792,
    1.32680162940979,
    1.2860267621612549,
    1.2494068667984009,
    1.2294454332733153,
    1.2104912062835693,
    1.1771293015670776,
    1.153739672088623,
    1.1208575024032592,
    1.1230115673828125,
    1.1037533689498902,
    1.0710533037948609,
    1.0710284021759033,
    1.0593686514091492,
    1.0445283792304993,
    1.0235592879486084,
    1.0133626327514649,
    0.9938585792350769,
    1.0002209342193604,
    0.9780622850036621,
    0.961335983543396,
    0.9609691522216797,
    0.9371701355361939,
    0.9234038527488708
  ],
  "val_losses": [
    0.02448317928314209,
    0.02360274498462677,
    0.022209413826465605,
    0.02120472310781479,
    0.019158418077230455,
    0.01897428303360939,
    0.017759636265039444,
    0.016895601642131806,
    0.016759563606977463,
    0.01711746859550476,
    0.015276833260059356,
    0.015710950183868408,
    0.01620115157365799,
    0.015617598676681518,
    0.015151873576641084,
    0.014089786607027054,
    0.01396912859082222,
    0.013964535856246948,
    0.014096624982357026,
    0.014397727525234223,
    0.013833769792318344,
    0.013712893956899643,
    0.013284052670001984,
    0.012992112392187118,
    0.012482295161485671,
    0.01276435694694519,
    0.012393981105089187,
    0.01309101803302765,
    0.014288976740837097,
    0.012643100655078888
  ],
  "val_accuracies": [
    40.74,
    43.05,
    47.85,
    49.56,
    54.61,
    55.03,
    59.18,
    61.34,
    61.1,
    59.16,
    65.08,
    64.31,
    62.99,
    63.94,
    66.13,
    68.49,
    69.22,
    68.22,
    67.31,
    67.68,
    69.66,
    69.17,
    70.31,
    70.59,
    71.99,
    71.7,
    72.7,
    70.49,
    69.68,
    72.16
  ],
  "best_accuracy": 72.7,
  "percentage": 0.25,
  "combo": "rotation_color_crop"
}