{
  "train_losses": [
    1.9211406394958497,
    1.7855735705566407,
    1.6982311140823365,
    1.638974098739624,
    1.5756298542022704,
    1.5453862311935425,
    1.5132019652175903,
    1.4744491938400268,
    1.459167052116394,
    1.4378383525276184,
    1.3882188748168944,
    1.4271347166824342,
    1.3414673608016967,
    1.3467539080047608,
    1.3462108225631715,
    1.33273772605896,
    1.30811698223114,
    1.3055757915496826,
    1.3235537381744384,
    1.2384869412231445,
    1.2981386491775513,
    1.261478929710388,
    1.2371232448196412,
    1.2318298409080506,
    1.2632254971313477,
    1.2407051343917848,
    1.2254713583755492,
    1.207635771560669,
    1.1936901024627686,
    1.2323022264099122
  ],
  "val_losses": [
    0.02523535861968994,
    0.021602925765514373,
    0.01953589010834694,
    0.019001431345939637,
    0.016540073800086975,
    0.016862827843427658,
    0.016051373904943465,
    0.01583325662612915,
    0.014985298299789429,
    0.015994344389438628,
    0.015206701683998108,
    0.013609053385257721,
    0.013631481343507766,
    0.013583864372968674,
    0.013079900103807449,
    0.013609480130672456,
    0.01261363605260849,
    0.012972654116153717,
    0.012863057070970536,
    0.011974019724130631,
    0.01177494854927063,
    0.012967348664999007,
    0.011559061673283577,
    0.012038020932674408,
    0.011545172750949859,
    0.011572001832723618,
    0.011760754957795144,
    0.011683057156205177,
    0.011517325282096863,
    0.011493829309940338
  ],
  "val_accuracies": [
    41.98,
    50.13,
    55.08,
    54.57,
    62.59,
    62.38,
    62.67,
    64.89,
    67.11,
    64.19,
    66.08,
    70.65,
    69.39,
    70.29,
    70.91,
    69.63,
    72.44,
    72.1,
    71.69,
    74.05,
    74.14,
    71.44,
    75.83,
    74.4,
    75.51,
    75.71,
    74.82,
    74.9,
    74.43,
    75.93
  ],
  "best_accuracy": 75.93,
  "percentage": 0.5,
  "combo": "rotation_crop_cutmix"
}