{
  "train_losses": [
    1.8541038304901123,
    1.5848154766845703,
    1.4749549573516845,
    1.3763114640808105,
    1.3123944828796388,
    1.2653597232818603,
    1.2129542970466614,
    1.1780274715042114,
    1.1596617948150634,
    1.114062071762085,
    1.0978380945968629,
    1.0658297268486023,
    1.0489578008270264,
    1.028073471660614,
    1.0065577582931517,
    0.9911598533630371,
    0.9723636870193482,
    0.9620687242126464,
    0.9428540478897095,
    0.9331951613998413,
    0.9125558906173706,
    0.8907733224487304,
    0.8807393783569336,
    0.8693813096618652,
    0.8589371522140503,
    0.84455780626297,
    0.8309017810058594,
    0.8240451265335083,
    0.810807859916687,
    0.8033179334449768
  ],
  "val_losses": [
    0.024177087593078614,
    0.0202450120806694,
    0.01820455736517906,
    0.017149413752555846,
    0.016658924269676207,
    0.017009774899482726,
    0.015186033499240876,
    0.014176509588956833,
    0.014097437173128127,
    0.015177315253019333,
    0.01537778246998787,
    0.012678687781095505,
    0.01236779143512249,
    0.01230307520031929,
    0.012018448907136917,
    0.012349996283650399,
    0.012386012426018715,
    0.012421434488892555,
    0.011750281822681428,
    0.011425260117650032,
    0.011885949915647507,
    0.01141719607412815,
    0.011814591982960702,
    0.010917472958564758,
    0.011475711470842361,
    0.011023811289668083,
    0.011297100082039832,
    0.010810361957550049,
    0.010392839702963829,
    0.011262174227833748
  ],
  "val_accuracies": [
    42.57,
    52.15,
    57.57,
    59.92,
    61.49,
    61.64,
    66.32,
    67.65,
    68.09,
    67.25,
    64.65,
    72.14,
    72.4,
    72.28,
    73.28,
    72.5,
    73.14,
    72.78,
    74.01,
    74.72,
    73.82,
    75.2,
    74.48,
    76.21,
    74.46,
    76.48,
    75.61,
    75.96,
    77.19,
    75.78
  ],
  "best_accuracy": 77.19,
  "percentage": 0.5,
  "combo": "rotation_color_crop"
}