{
  "train_losses": [
    1.7160115855407714,
    1.398081722946167,
    1.2633705556869508,
    1.1625768438339232,
    1.0977076278305054,
    1.0544932395935058,
    1.0290905529785157,
    0.9810228573799133,
    0.9440196861457825,
    0.9170532545471192,
    0.8917074491691589,
    0.877478850440979,
    0.8538468787002563,
    0.8363488827705383,
    0.8278497007942199,
    0.8030999672698974,
    0.7964437504577637,
    0.7792952466583252,
    0.7668878279495239,
    0.7514644263839722,
    0.7418814176177978,
    0.7357250667190551,
    0.714591632232666,
    0.7149949109077454,
    0.7055512730026245,
    0.6860369787216186,
    0.6850223499107361,
    0.6856611458015441,
    0.680366646194458,
    0.6642544276809692
  ],
  "val_losses": [
    0.02038719165325165,
    0.01795650055408478,
    0.01704999784231186,
    0.014636430060863495,
    0.014451688778400421,
    0.014022014278173447,
    0.014111682587862015,
    0.012497458642721176,
    0.012065165704488755,
    0.011444262784719467,
    0.011975650972127914,
    0.01159748423397541,
    0.011356950238347053,
    0.010752606937289237,
    0.01122758826315403,
    0.011005357599258423,
    0.010661457949876786,
    0.01133757594525814,
    0.010322136950492859,
    0.010413990789651871,
    0.010211551895737648,
    0.010556090247631073,
    0.009979372876882553,
    0.009723959639668465,
    0.010146429878473282,
    0.009470603466033935,
    0.009743486794829368,
    0.011023666420578957,
    0.009795882338285445,
    0.009420447897911072
  ],
  "val_accuracies": [
    51.5,
    58.4,
    61.35,
    66.28,
    67.63,
    69.24,
    68.48,
    72.48,
    73.8,
    74.8,
    73.78,
    74.58,
    75.15,
    76.19,
    74.93,
    75.42,
    76.48,
    74.62,
    77.45,
    77.11,
    77.07,
    76.52,
    77.74,
    78.82,
    78.23,
    79.21,
    77.95,
    76.26,
    78.61,
    79.26
  ],
  "best_accuracy": 79.26,
  "percentage": 0.5,
  "combo": "flip_rotation_color"
}