{
  "train_losses": [
    1.868309987449646,
    1.6666664976119996,
    1.554872357711792,
    1.5005796648788452,
    1.4364662395858765,
    1.4005925954818725,
    1.373514683856964,
    1.322781467666626,
    1.2999810482406615,
    1.315863544807434,
    1.2572509563446046,
    1.2644951578140258,
    1.1911171679496766,
    1.1957633361816407,
    1.1966357877349854,
    1.1885258459091186,
    1.1569213325119019,
    1.158951201725006,
    1.154061260986328,
    1.0859270238113403,
    1.1224617176437377,
    1.0822571662712097,
    1.0833580055904388,
    1.0923448717880249,
    1.094670436706543,
    1.084411708946228,
    1.0533405781936644,
    1.03846037399292,
    1.0481675995254516,
    1.0271235729789734
  ],
  "val_losses": [
    0.02095963317155838,
    0.020036404263973236,
    0.016744855654239655,
    0.01623997048139572,
    0.014113793647289275,
    0.014897051751613617,
    0.013374308758974076,
    0.014257980680465698,
    0.012810754728317261,
    0.014417044407129287,
    0.013057747441530227,
    0.012894054251909256,
    0.01214778094291687,
    0.012675763696432113,
    0.011764190584421158,
    0.011620670580863952,
    0.011205986371636391,
    0.011464858418703079,
    0.010716054359078407,
    0.010689638406038284,
    0.011033624038100242,
    0.010875770020484924,
    0.01092841325700283,
    0.010189082631468773,
    0.010772644558548927,
    0.010345125073194504,
    0.010597920873761177,
    0.010215046533942222,
    0.009755827429890633,
    0.010107984533905982
  ],
  "val_accuracies": [
    52.23,
    55.45,
    61.0,
    64.05,
    69.36,
    67.3,
    70.36,
    69.57,
    72.39,
    69.91,
    72.33,
    73.09,
    73.49,
    75.27,
    74.59,
    75.54,
    76.34,
    75.92,
    76.77,
    77.69,
    76.96,
    78.27,
    77.75,
    79.13,
    78.36,
    78.27,
    77.4,
    78.7,
    78.73,
    78.88
  ],
  "best_accuracy": 79.13,
  "percentage": 0.5,
  "combo": "flip_color_cutmix"
}