{
  "train_losses": [
    1.9637862436676026,
    1.8049024116134644,
    1.7172586080169678,
    1.6411462670516967,
    1.5877730084991455,
    1.5493719271087647,
    1.537354825744629,
    1.5004001542282104,
    1.4576334448242187,
    1.459870399093628,
    1.3998795157623292,
    1.4213738647460938,
    1.3900027701568602,
    1.3619729945373535,
    1.348212501335144,
    1.3322744298934937,
    1.3308383372116088,
    1.3013434847259522,
    1.3164517935371398,
    1.2482055061721802,
    1.2936942102050781,
    1.249958809890747,
    1.2551972402763367,
    1.2585447455596923,
    1.2588388613891601,
    1.2515940914916992,
    1.2062099254608154,
    1.2232965635681152,
    1.2047231797409057,
    1.1808681736946105
  ],
  "val_losses": [
    0.02296734575033188,
    0.020872718727588654,
    0.02035422377586365,
    0.018998592042922972,
    0.016995069700479506,
    0.016693172687292097,
    0.016654915910959245,
    0.015708063155412674,
    0.014435720640420913,
    0.015676293420791625,
    0.014510251748561858,
    0.01376730437874794,
    0.013818369287252425,
    0.01377355819940567,
    0.013224403083324432,
    0.012481046015024186,
    0.012314334797859192,
    0.013018261831998825,
    0.01170627896785736,
    0.012147622317075729,
    0.012334559819102288,
    0.012173151063919068,
    0.012483624905347825,
    0.012134152853488922,
    0.011886042594909668,
    0.010945786014199257,
    0.011386112162470818,
    0.011608742478489876,
    0.011438421860337257,
    0.011111311477422715
  ],
  "val_accuracies": [
    46.55,
    52.34,
    54.82,
    56.92,
    62.55,
    63.28,
    62.1,
    64.53,
    68.08,
    65.46,
    67.98,
    71.4,
    69.93,
    71.58,
    70.7,
    73.63,
    74.32,
    72.53,
    74.34,
    73.77,
    73.24,
    73.78,
    74.12,
    73.46,
    74.61,
    76.46,
    75.31,
    75.14,
    75.38,
    75.9
  ],
  "best_accuracy": 76.46,
  "percentage": 0.5,
  "combo": "color_crop_cutmix"
}