{
  "train_losses": [
    1.9093110889434814,
    1.566581293487549,
    1.3829717086791993,
    1.2974473056793212,
    1.2029316316604615,
    1.0931645853042602,
    1.0099224802017213,
    0.9303032350540161,
    0.8507991157531738,
    0.8217544082641601,
    0.7269547291755676,
    0.7025875198364258,
    0.6224011523723603,
    0.5922058393478393,
    0.4999639307975769,
    0.4551999098300934,
    0.3807323493003845,
    0.3708389329910278,
    0.3241323910713196,
    0.3134732295036316,
    0.2608177575111389,
    0.2769429121017456,
    0.21554746878147124,
    0.1988613335609436,
    0.26136120153665543,
    0.16446159539222718,
    0.2302259182333946,
    0.15207324781417847,
    0.140356829559803,
    0.09075445725917816
  ],
  "val_losses": [
    0.02490623424053192,
    0.022295177090168,
    0.02025297131538391,
    0.019736786365509032,
    0.018610394448041915,
    0.01879002890586853,
    0.020482164454460144,
    0.017851246583461763,
    0.020435823374986648,
    0.01733262006044388,
    0.018181657058000563,
    0.018167602014541626,
    0.019761594808101655,
    0.019762754103541374,
    0.017466089016199112,
    0.01853626127243042,
    0.01819270715713501,
    0.02047411500811577,
    0.020081119799613953,
    0.02023350810408592,
    0.01992878909111023,
    0.019797076350450516,
    0.020098314726352692,
    0.02380702577829361,
    0.022168151032924653,
    0.02159936821460724,
    0.02266026283502579,
    0.023165898352861404,
    0.021546444392204284,
    0.02478081529736519
  ],
  "val_accuracies": [
    41.0,
    46.76,
    53.18,
    53.69,
    57.68,
    57.36,
    53.98,
    59.47,
    56.82,
    62.33,
    61.17,
    61.3,
    60.22,
    60.03,
    63.99,
    64.72,
    64.01,
    63.15,
    63.0,
    63.41,
    65.23,
    64.95,
    63.9,
    61.5,
    64.07,
    65.07,
    64.42,
    64.22,
    65.04,
    64.2
  ],
  "best_accuracy": 65.23,
  "percentage": 0.1,
  "combo": "none"
}