{
  "train_losses": [
    2.2305089542388914,
    2.0693836013793945,
    1.9742534141540526,
    1.920640098953247,
    1.9342433334350586,
    1.9144561790466308,
    1.9122986335754395,
    1.8927002178192138,
    1.8303448078155518,
    1.8533131982803344,
    1.8009626800537109,
    1.8245188117980957,
    1.7533452606201172,
    1.8132003898620606,
    1.8108504234313965,
    1.7119673393249513,
    1.7953673748016357,
    1.7567984855651855,
    1.7490734619140624,
    1.7198989887237548,
    1.6908766330718994,
    1.6812992034912109,
    1.6907921733856202,
    1.6916247663497925,
    1.6672144340515136,
    1.6821212500572205,
    1.674843984222412,
    1.6116535095214843,
    1.6665054981231688,
    1.615380152130127
  ],
  "val_losses": [
    0.030041398096084596,
    0.02727333470582962,
    0.026799528574943544,
    0.026258577013015746,
    0.02472559689283371,
    0.024905022752285004,
    0.02346620934009552,
    0.025859130597114564,
    0.023125351095199587,
    0.02206958168745041,
    0.02307470281124115,
    0.0232690931558609,
    0.021738672482967375,
    0.022636369943618773,
    0.020642995822429656,
    0.020879204213619232,
    0.020689028084278107,
    0.019583599257469178,
    0.019821092450618742,
    0.019955194437503813,
    0.01948315578699112,
    0.01944068547487259,
    0.019487554275989534,
    0.0200169278383255,
    0.01892326598763466,
    0.01811172804236412,
    0.02016429386138916,
    0.0179940460562706,
    0.017647573381662368,
    0.019445479238033296
  ],
  "val_accuracies": [
    28.19,
    34.94,
    35.29,
    39.24,
    41.92,
    43.96,
    45.29,
    38.06,
    47.6,
    48.42,
    46.15,
    44.35,
    49.57,
    46.66,
    51.74,
    52.88,
    52.05,
    55.21,
    53.97,
    56.34,
    56.54,
    56.11,
    55.68,
    54.95,
    57.2,
    58.82,
    55.25,
    59.91,
    60.42,
    56.21
  ],
  "best_accuracy": 60.42,
  "percentage": 0.1,
  "combo": "flip_rotation_color_crop_cutmix"
}