{
  "train_losses": [
    2.206567481994629,
    2.014915636062622,
    1.9511796852111816,
    1.9016143924713136,
    1.8867931564331055,
    1.8564297252655029,
    1.8531747161865235,
    1.8328571800231934,
    1.7776902626037598,
    1.750471679878235,
    1.7329318771362305,
    1.7457341226577758,
    1.6839473926544188,
    1.7275455135345459,
    1.734936452293396,
    1.6255169708251953,
    1.666056093597412,
    1.6697997566223144,
    1.6430983287811278,
    1.6168343416213988,
    1.5372653192520143,
    1.6264657917022705,
    1.540870046234131,
    1.5715206966400146,
    1.5235392866134643,
    1.5732142652511596,
    1.5325652591705323,
    1.5016239088058472,
    1.5312042556762695,
    1.4725057403564452
  ],
  "val_losses": [
    0.0288812242269516,
    0.026151838386058807,
    0.025943372690677643,
    0.02394675599336624,
    0.025253980267047883,
    0.023341666400432587,
    0.023066665267944337,
    0.02273918707370758,
    0.022135292780399322,
    0.02196372443437576,
    0.02137234740257263,
    0.02056201103925705,
    0.01931251592040062,
    0.020251752972602843,
    0.020866819345951082,
    0.018700386554002763,
    0.018173851078748703,
    0.018917391562461854,
    0.018531025862693788,
    0.01922133504152298,
    0.017824209088087083,
    0.017532436287403107,
    0.017759002393484116,
    0.018536930191516875,
    0.017201325249671936,
    0.016668995159864426,
    0.01777796005010605,
    0.016815646255016328,
    0.016032922512292862,
    0.017330542093515398
  ],
  "val_accuracies": [
    35.88,
    38.07,
    40.92,
    44.62,
    41.8,
    47.11,
    45.92,
    47.9,
    49.08,
    50.58,
    52.11,
    51.49,
    55.48,
    54.46,
    51.17,
    57.16,
    59.2,
    57.08,
    58.99,
    57.64,
    59.61,
    61.86,
    60.86,
    58.44,
    59.88,
    61.53,
    59.82,
    61.28,
    63.8,
    61.17
  ],
  "best_accuracy": 63.8,
  "percentage": 0.1,
  "combo": "flip_color_crop_cutmix"
}