{
  "train_losses": [
    2.1810928859710694,
    1.9582689529418946,
    1.87014723777771,
    1.8269377792358399,
    1.8269674091339112,
    1.8338400817871094,
    1.7696795829772949,
    1.7833600330352783,
    1.754051685333252,
    1.7156683853149415,
    1.702631159210205,
    1.6856026828765869,
    1.6520729164123535,
    1.6991465167999267,
    1.6716578674316407,
    1.5872734630584717,
    1.6243446033477784,
    1.6190908004760742,
    1.5975640668869018,
    1.5959463804244995,
    1.514111868095398,
    1.5764389213562011,
    1.53950412940979,
    1.5719776624679564,
    1.5463148906707764,
    1.570104193878174,
    1.550360041999817,
    1.4989712240219115,
    1.4796558006286622,
    1.4916040184020996
  ],
  "val_losses": [
    0.028632739198207854,
    0.026450996017456055,
    0.026242145597934724,
    0.024530712747573853,
    0.02292896498441696,
    0.0239009672999382,
    0.024193102824687958,
    0.023542777037620543,
    0.021538045847415924,
    0.02131183887720108,
    0.02222082790136337,
    0.020693683803081512,
    0.020220320475101472,
    0.01885578561425209,
    0.019932996082305907,
    0.01915947164297104,
    0.020061883747577666,
    0.019501191532611848,
    0.01898882582783699,
    0.019742065894603728,
    0.01752810343503952,
    0.018773705756664275,
    0.01814045425057411,
    0.01917242665886879,
    0.017557083714008333,
    0.01776943784356117,
    0.0178278067946434,
    0.017166436797380447,
    0.017524584263563157,
    0.017296237009763717
  ],
  "val_accuracies": [
    30.63,
    38.7,
    37.05,
    41.02,
    46.18,
    45.19,
    44.32,
    45.46,
    51.24,
    51.36,
    49.68,
    51.8,
    52.62,
    56.46,
    53.54,
    55.5,
    54.76,
    55.76,
    57.29,
    55.75,
    60.32,
    56.28,
    58.89,
    56.3,
    59.28,
    60.95,
    62.02,
    61.76,
    59.85,
    61.45
  ],
  "best_accuracy": 62.02,
  "percentage": 0.1,
  "combo": "flip_rotation_crop_cutmix"
}