{
  "train_losses": [
    1.9214550305175782,
    1.7494459924697876,
    1.6589092807006836,
    1.5938615980911255,
    1.5450152304840088,
    1.508426089668274,
    1.4510798320770264,
    1.4517584860229493,
    1.4331706500244141,
    1.379179128112793,
    1.3813071042633056,
    1.3665386585235595,
    1.354566729850769,
    1.3068960917282104,
    1.3117028936195374,
    1.3152943208503722,
    1.3002412063598632,
    1.3062613596343995,
    1.2683000441741943,
    1.2506761228179932,
    1.24939429397583,
    1.2432735764312743,
    1.2397891952514648,
    1.2150561225509644,
    1.2403559815597534,
    1.2293188949108125,
    1.2107267375183106,
    1.2176426477050781,
    1.2363984999847413,
    1.211860342502594
  ],
  "val_losses": [
    0.02207666623592377,
    0.019032137835025786,
    0.018193817126750948,
    0.01610405578017235,
    0.01595172206759453,
    0.014907425665855407,
    0.014884148007631302,
    0.013790639507770538,
    0.013489488983154297,
    0.013847621327638625,
    0.01281025367975235,
    0.012433486849069595,
    0.012136853736639024,
    0.01209403737783432,
    0.011512080025672913,
    0.011598925563693047,
    0.011261263993382453,
    0.011247994169592858,
    0.010983588188886643,
    0.011402248555421829,
    0.010933138313889503,
    0.010874476596713065,
    0.010635038781166077,
    0.011026035425066949,
    0.010439237335324288,
    0.010368832913041115,
    0.01019237434566021,
    0.010457823979854584,
    0.01042199781537056,
    0.010231629845499992
  ],
  "val_accuracies": [
    48.81,
    58.5,
    59.82,
    62.82,
    65.86,
    67.49,
    66.67,
    69.96,
    72.21,
    68.73,
    72.27,
    73.01,
    74.49,
    74.89,
    75.41,
    75.59,
    75.63,
    75.89,
    77.44,
    76.4,
    75.92,
    76.61,
    77.4,
    76.75,
    78.05,
    76.98,
    77.67,
    78.13,
    77.62,
    78.05
  ],
  "best_accuracy": 78.13,
  "percentage": 1.0,
  "combo": "rotation_color_crop_cutmix"
}