{
  "train_losses": [
    1.8393258835601807,
    1.6627876676559448,
    1.557147024383545,
    1.5119428205871581,
    1.4568178172683717,
    1.4323692317962646,
    1.3607921874237061,
    1.3391750273132323,
    1.3276866902160644,
    1.2946855358123779,
    1.2780756148529053,
    1.2577897406387328,
    1.2671656073379516,
    1.2417522232055664,
    1.2321703456497193,
    1.2329260752677917,
    1.2105040795135498,
    1.2036601558303832,
    1.180225051422119,
    1.1828138646697999,
    1.1702478690338134,
    1.1626086232376098,
    1.1760292701721191,
    1.1389564073944092,
    1.1457568577957153,
    1.159006997795105,
    1.1336322189712524,
    1.1426696681976318,
    1.1516654978179932,
    1.1262972323417664
  ],
  "val_losses": [
    0.02110732868909836,
    0.017529595339298248,
    0.01769797274470329,
    0.015109486842155457,
    0.015156218832731248,
    0.014857500541210175,
    0.013559835171699524,
    0.012856855714321137,
    0.012307049065828324,
    0.013025857138633728,
    0.011495547139644622,
    0.012090218549966811,
    0.0107419891923666,
    0.011808892756700516,
    0.011433954334259033,
    0.011178211534023284,
    0.011431642985343934,
    0.011473355582356452,
    0.010563052967190742,
    0.01067243054807186,
    0.010194082576036453,
    0.010298125612735748,
    0.011241659194231033,
    0.010526204025745391,
    0.010156789138913155,
    0.009669759732484818,
    0.01056222368478775,
    0.010300915974378586,
    0.010335173857212067,
    0.01063566391468048
  ],
  "val_accuracies": [
    50.54,
    58.87,
    61.51,
    66.0,
    66.9,
    65.92,
    71.15,
    71.91,
    73.69,
    71.61,
    75.18,
    73.84,
    76.29,
    75.6,
    76.04,
    76.99,
    75.42,
    76.31,
    77.46,
    77.85,
    77.99,
    78.42,
    75.99,
    78.4,
    77.78,
    79.2,
    79.52,
    77.52,
    78.98,
    77.79
  ],
  "best_accuracy": 79.52,
  "percentage": 1.0,
  "combo": "flip_rotation_crop_cutmix"
}