{
  "train_losses": [
    1.3230787874984742,
    0.9747394274711609,
    0.851386530456543,
    0.760504309387207,
    0.6953932498931885,
    0.6395216997909546,
    0.5889517129135132,
    0.5497032466316223,
    0.5097621299171448,
    0.47843145975112916,
    0.4439043632030487,
    0.4211046793079376,
    0.3956358983802795,
    0.3676578765106201,
    0.35081036818504335,
    0.33749616411209105,
    0.3221368791294098,
    0.30329004322052,
    0.2925592709922791,
    0.28840707446336744,
    0.2676630220794678,
    0.267284217376709,
    0.2577911562895775,
    0.2451605654144287,
    0.2458071451282501,
    0.23903383823871613,
    0.23373550112724303,
    0.2291678243303299,
    0.22091367226600647,
    0.21982094112873077
  ],
  "val_losses": [
    0.018185429334640502,
    0.014411294084787368,
    0.01182873093187809,
    0.012097413912415504,
    0.010995453578233718,
    0.010964468157291412,
    0.010174917301535606,
    0.009918930691480636,
    0.009730686274170876,
    0.009940681311488151,
    0.009401847118139267,
    0.009623470455408097,
    0.009072673282027245,
    0.010097766476869583,
    0.008978953304886819,
    0.01044724796116352,
    0.009754012274742126,
    0.009711382973194122,
    0.011780213990807533,
    0.01002128194272518,
    0.01092465596050024,
    0.011293957294523716,
    0.010202636283636093,
    0.01039935141503811,
    0.010593009522557258,
    0.011076368680596351,
    0.01023002327978611,
    0.011096357744932174,
    0.011186704704165459,
    0.011707912582159042
  ],
  "val_accuracies": [
    59.24,
    67.03,
    73.74,
    73.44,
    75.3,
    75.83,
    77.4,
    78.43,
    78.42,
    78.45,
    79.63,
    79.49,
    80.27,
    78.94,
    80.97,
    78.69,
    80.46,
    80.12,
    77.14,
    79.98,
    79.03,
    77.92,
    80.25,
    79.46,
    78.87,
    78.81,
    80.22,
    78.17,
    79.37,
    78.89
  ],
  "best_accuracy": 80.97,
  "percentage": 1.0,
  "combo": "none"
}