{
  "train_losses": [
    2.1112267907714846,
    1.9383646572113038,
    1.8851557147598266,
    1.859008109703064,
    1.7926626793670655,
    1.808885922012329,
    1.762473832588196,
    1.740545673904419,
    1.688434326171875,
    1.6770946297836304,
    1.6479546828460694,
    1.6342193823623656,
    1.6641404930877686,
    1.6036673016738892,
    1.6141833422088623,
    1.5647268082046508,
    1.5896924090957643,
    1.5525453439331054,
    1.562180256843567,
    1.5613478396606446,
    1.4961674545669557,
    1.5164578479003907,
    1.541677415447235,
    1.5101031964874267,
    1.5219313280487061,
    1.4350964422225951,
    1.4265999005889893,
    1.4446330978393556,
    1.4570112186050415,
    1.420846597251892
  ],
  "val_losses": [
    0.02614717081785202,
    0.025622244477272033,
    0.02391786185503006,
    0.02406611887216568,
    0.02202447452545166,
    0.021621304214000703,
    0.020805523359775542,
    0.02013417493700981,
    0.01974195090532303,
    0.018261032205820083,
    0.017710004806518555,
    0.01811638103723526,
    0.017727874290943146,
    0.016580670708417893,
    0.01840742049217224,
    0.016271099632978438,
    0.016812770205736162,
    0.01656592362523079,
    0.01704197324514389,
    0.016243497937917708,
    0.01579954341650009,
    0.01601210263967514,
    0.015613071846961975,
    0.01492615972161293,
    0.015003441447019577,
    0.015168676495552064,
    0.014784350395202636,
    0.014999349862337112,
    0.014588823956251145,
    0.014163195240497589
  ],
  "val_accuracies": [
    38.63,
    40.53,
    43.58,
    42.8,
    49.07,
    51.21,
    51.26,
    53.11,
    56.37,
    58.72,
    59.44,
    59.18,
    60.57,
    62.55,
    59.7,
    63.84,
    63.01,
    62.91,
    59.95,
    63.68,
    66.02,
    64.7,
    65.38,
    66.8,
    66.58,
    66.36,
    67.8,
    69.28,
    67.8,
    68.15
  ],
  "best_accuracy": 69.28,
  "percentage": 0.25,
  "combo": "rotation_color_crop_cutmix"
}