{
  "train_losses": [
    2.034725896682739,
    1.818960735244751,
    1.7961456429672242,
    1.7373138138198851,
    1.6657949480438232,
    1.6805554259490967,
    1.6101299932861328,
    1.6243146588134765,
    1.5712697132110596,
    1.580477265663147,
    1.561290940093994,
    1.5081806526947021,
    1.5272065464019775,
    1.4715486853790283,
    1.4900962190246583,
    1.4481113425064087,
    1.4389158152389527,
    1.4555787401962281,
    1.44374631565094,
    1.4319458335113526,
    1.4114126803970337,
    1.4142869789505006,
    1.462732685508728,
    1.4084885130310059,
    1.4313005723190309,
    1.310977092514038,
    1.344304729347229,
    1.3341207535934447,
    1.3657106805038453,
    1.312651764793396
  ],
  "val_losses": [
    0.025548943650722505,
    0.02403668793439865,
    0.02389163055419922,
    0.021497553288936613,
    0.022167655313014983,
    0.018992823177576064,
    0.02057521095275879,
    0.0178500747859478,
    0.0193003724694252,
    0.01870721267461777,
    0.016546344143152238,
    0.017471351915597916,
    0.016258643132448198,
    0.0151715103328228,
    0.017070696657896043,
    0.015432598859071731,
    0.015314153879880905,
    0.01584929437637329,
    0.01568957909345627,
    0.016247738873958587,
    0.014530033659934997,
    0.014697058492898941,
    0.01489720995426178,
    0.014363495624065399,
    0.01439754974246025,
    0.013867444950342178,
    0.013967119002342224,
    0.014664349538087845,
    0.013965176850557327,
    0.013744810283184052
  ],
  "val_accuracies": [
    40.95,
    43.48,
    44.68,
    50.08,
    48.39,
    57.16,
    50.64,
    59.71,
    56.09,
    55.98,
    62.6,
    61.44,
    64.75,
    65.67,
    65.61,
    64.91,
    65.49,
    63.8,
    64.6,
    64.08,
    67.82,
    67.26,
    68.44,
    67.78,
    68.06,
    69.28,
    69.74,
    68.26,
    69.07,
    69.39
  ],
  "best_accuracy": 69.74,
  "percentage": 0.25,
  "combo": "flip_rotation_crop_cutmix"
}