{
  "train_losses": [
    1.6782796212387086,
    1.3227326900863647,
    1.1634695797729493,
    1.0520768394851685,
    0.9625347797393798,
    0.8823638634872436,
    0.8047958622932434,
    0.7416725245285034,
    0.7081402243423461,
    0.6414059967422485,
    0.5772463788795471,
    0.5346022702217103,
    0.5053918560791015,
    0.44588436182022095,
    0.4183429479122162,
    0.37482893067359924,
    0.33172406462669374,
    0.30608882979393004,
    0.2847368311357498,
    0.2616400933885574,
    0.22415461731910705,
    0.21551807676315307,
    0.21313589188575743,
    0.18317898217201234,
    0.17689670716285705,
    0.16217658176898955,
    0.15885074638843535,
    0.14565216771364212,
    0.13315594407081605,
    0.15251869786262512
  ],
  "val_losses": [
    0.02079569368362427,
    0.021498381066322327,
    0.018464686036109925,
    0.01671713124513626,
    0.01616512115597725,
    0.015314524441957474,
    0.014601839250326156,
    0.013621099078655243,
    0.016634663355350493,
    0.014053424268960953,
    0.013988546460866929,
    0.014036922258138657,
    0.014861085665225983,
    0.015114637643098831,
    0.015364895269274712,
    0.015646532452106475,
    0.015295378494262695,
    0.01562654028236866,
    0.015200885567069054,
    0.01477764250934124,
    0.016549786478281023,
    0.018382005709409715,
    0.016476832547783853,
    0.01684359666109085,
    0.01700731492936611,
    0.020210658890008927,
    0.017894118690490724,
    0.019336576157808302,
    0.01758678226172924,
    0.023583128601312637
  ],
  "val_accuracies": [
    52.07,
    51.12,
    58.71,
    61.97,
    63.17,
    65.39,
    66.8,
    69.69,
    65.71,
    69.6,
    70.38,
    70.32,
    69.65,
    69.5,
    70.08,
    70.82,
    70.64,
    71.4,
    71.27,
    72.28,
    70.92,
    69.67,
    71.49,
    71.86,
    72.28,
    68.98,
    71.19,
    70.56,
    71.53,
    67.54
  ],
  "best_accuracy": 72.28,
  "percentage": 0.25,
  "combo": "none"
}