{
  "train_losses": [
    2.1233518549346924,
    1.9170141257858275,
    1.9101019728851318,
    1.8405012561798095,
    1.7965648089981079,
    1.7845599968719483,
    1.7517166484832765,
    1.7483997138595582,
    1.7031090073394775,
    1.6966789194107055,
    1.66291344329834,
    1.6358372870254516,
    1.6654160277938843,
    1.6221946974945067,
    1.625806505279541,
    1.5912759704589843,
    1.5723081310272218,
    1.5849132107162476,
    1.5665723657608033,
    1.5564779334640504,
    1.522138063659668,
    1.5262700484466554,
    1.5782052400970459,
    1.5002098804473878,
    1.535982487449646,
    1.445840302658081,
    1.454722187309265,
    1.4659402605438232,
    1.4766523697280884,
    1.4167188276672362
  ],
  "val_losses": [
    0.02668630305528641,
    0.025744479882717133,
    0.024262272524833678,
    0.022628619205951692,
    0.021442130446434022,
    0.02096070227622986,
    0.020525262290239335,
    0.021088361394405366,
    0.020662093675136568,
    0.018571555006504058,
    0.01761160563826561,
    0.018765391552448274,
    0.017722039222717284,
    0.019570251893997193,
    0.01743500828742981,
    0.01615154039263725,
    0.016124940997362138,
    0.016794621390104295,
    0.0165103302359581,
    0.01644796259403229,
    0.015944131219387054,
    0.016424953335523605,
    0.01615468031167984,
    0.015009282672405243,
    0.015090984523296356,
    0.015227933824062347,
    0.015261324340105057,
    0.01454970765709877,
    0.014570268052816391,
    0.013948599952459336
  ],
  "val_accuracies": [
    37.99,
    40.79,
    43.47,
    48.91,
    50.28,
    53.27,
    52.11,
    50.6,
    53.09,
    57.34,
    59.5,
    58.76,
    59.48,
    56.44,
    63.28,
    63.73,
    63.65,
    62.02,
    61.99,
    63.36,
    65.69,
    62.2,
    65.27,
    66.83,
    65.59,
    66.53,
    67.85,
    68.96,
    68.1,
    68.58
  ],
  "best_accuracy": 68.96,
  "percentage": 0.25,
  "combo": "flip_rotation_color_crop_cutmix"
}