{
  "train_losses": [
    1.9499406475448609,
    1.7776402683258057,
    1.6828466640090942,
    1.6044854782104492,
    1.555669040031433,
    1.5227049106979371,
    1.4758539791107177,
    1.4607149625778197,
    1.4248743168640137,
    1.4230189640426636,
    1.3863993881988526,
    1.408955023956299,
    1.3518303325271606,
    1.3325662809371948,
    1.3291301719284057,
    1.3290393425750733,
    1.319582126159668,
    1.2954733926010131,
    1.3022158836174011,
    1.2652238459777831,
    1.3029836066055298,
    1.2780582233428954,
    1.2424868938827516,
    1.2535161120223999,
    1.2736267005538942,
    1.2603013019561768,
    1.2298440623283386,
    1.2000444730758666,
    1.2131267358016968,
    1.2033450230789184
  ],
  "val_losses": [
    0.022950938975811006,
    0.01996761713027954,
    0.01997180677652359,
    0.01738557244539261,
    0.016212631458044052,
    0.016262770199775695,
    0.014800565576553345,
    0.014472088891267776,
    0.014462990587949753,
    0.014730212831497192,
    0.013952180111408233,
    0.01378625111579895,
    0.012509433165192605,
    0.013749749147891998,
    0.012908215141296387,
    0.013347630751132966,
    0.013669608134031296,
    0.0129160526573658,
    0.01169178191125393,
    0.012490399485826493,
    0.011544930225610733,
    0.012336435884237289,
    0.01224301809668541,
    0.011693881556391715,
    0.011898370614647866,
    0.011835832941532134,
    0.0114615727186203,
    0.012148825293779373,
    0.011062282374501228,
    0.011285323449969291
  ],
  "val_accuracies": [
    46.79,
    53.66,
    57.73,
    61.32,
    64.48,
    65.11,
    67.36,
    68.23,
    67.52,
    69.11,
    71.76,
    72.44,
    73.26,
    71.66,
    71.56,
    71.64,
    71.13,
    74.81,
    75.04,
    73.69,
    75.78,
    75.35,
    74.87,
    75.16,
    75.59,
    75.15,
    76.47,
    75.25,
    76.37,
    76.38
  ],
  "best_accuracy": 76.47,
  "percentage": 0.5,
  "combo": "flip_rotation_color_cutmix"
}