{
  "train_losses": [
    1.9766143817138673,
    1.8376223040771484,
    1.766813045578003,
    1.7057863289642334,
    1.6280904887771606,
    1.6204782261657715,
    1.5856205963516234,
    1.5505753150177002,
    1.5270775986862182,
    1.515222892074585,
    1.4713037955856323,
    1.4991659156036377,
    1.4443634654045105,
    1.4335403005599976,
    1.4154955949592591,
    1.4140155646514894,
    1.39176027677536,
    1.4013641988754273,
    1.378485761871338,
    1.3265672755813598,
    1.3765160180282592,
    1.3301305353927613,
    1.3242340393829346,
    1.3222622412872314,
    1.3429782107925414,
    1.3215904021453857,
    1.2961307049179076,
    1.2866745909118653,
    1.283033971786499,
    1.2739617562484742
  ],
  "val_losses": [
    0.02442496944665909,
    0.02104170354604721,
    0.01960846275091171,
    0.018470087552070618,
    0.017616328638792037,
    0.016386383682489396,
    0.01634462440609932,
    0.015884703361988068,
    0.015919804531335832,
    0.01587068258523941,
    0.01471951751112938,
    0.014386188292503358,
    0.013593852841854095,
    0.014045258164405822,
    0.01319239262342453,
    0.013250545769929886,
    0.013369497394561768,
    0.014211128407716751,
    0.01325285466313362,
    0.012642601984739304,
    0.012462225633859634,
    0.012803146868944168,
    0.01306920064687729,
    0.012058736872673035,
    0.01202874291241169,
    0.012179898899793625,
    0.01187175643146038,
    0.01266971617937088,
    0.011893860632181168,
    0.011819108188152313
  ],
  "val_accuracies": [
    43.65,
    50.94,
    55.8,
    58.38,
    60.12,
    63.86,
    61.3,
    63.94,
    64.34,
    64.26,
    66.77,
    68.5,
    70.15,
    71.31,
    71.08,
    70.82,
    71.17,
    69.68,
    69.96,
    72.5,
    72.59,
    72.01,
    72.08,
    73.92,
    73.87,
    72.98,
    74.75,
    72.52,
    73.62,
    75.08
  ],
  "best_accuracy": 75.08,
  "percentage": 0.5,
  "combo": "rotation_color_crop_cutmix"
}