{
  "train_losses": [
    2.00365390625,
    1.8594807273101808,
    1.7771565655517578,
    1.721302918434143,
    1.669391159286499,
    1.6309273015975951,
    1.5803970687103273,
    1.574862246055603,
    1.5503033452987671,
    1.5453582663726806,
    1.5083983051681518,
    1.5134566258239746,
    1.4519976247787476,
    1.4558224410247802,
    1.4396780230712891,
    1.4218862368774414,
    1.428864733734131,
    1.404308497505188,
    1.405387519607544,
    1.3525368292999267,
    1.3963142756271363,
    1.3647389509201049,
    1.3707080527877809,
    1.3552690234184266,
    1.3681962396240235,
    1.3518384149169922,
    1.3365698933792114,
    1.3193133503723145,
    1.331956109008789,
    1.3237686863517761
  ],
  "val_losses": [
    0.02391362817287445,
    0.022038700771331788,
    0.02069823387861252,
    0.019397481095790862,
    0.01861899918317795,
    0.017843810260295866,
    0.015761729890108107,
    0.015793137115240097,
    0.01541655342578888,
    0.015774333065748214,
    0.01525537530183792,
    0.014837951022386551,
    0.01397929984331131,
    0.01429418928027153,
    0.013393015211820602,
    0.013522380477190017,
    0.013491206496953964,
    0.013200147545337677,
    0.013367501485347748,
    0.013096106714010238,
    0.012740972703695298,
    0.012796317219734192,
    0.012695241457223892,
    0.012933682346343994,
    0.012601316177845,
    0.012733101660013199,
    0.011758549338579179,
    0.012209675347805024,
    0.011859833708405494,
    0.012126892185211182
  ],
  "val_accuracies": [
    44.44,
    47.29,
    53.8,
    55.74,
    56.68,
    58.58,
    64.31,
    65.96,
    65.92,
    64.77,
    67.4,
    67.86,
    68.89,
    70.46,
    70.31,
    71.09,
    70.31,
    72.68,
    70.59,
    72.27,
    72.43,
    72.23,
    72.98,
    72.57,
    72.17,
    72.52,
    74.59,
    74.67,
    73.92,
    74.29
  ],
  "best_accuracy": 74.67,
  "percentage": 0.5,
  "combo": "flip_rotation_color_crop_cutmix"
}