{
  "train_losses": [
    1.8344426306533814,
    1.573722869720459,
    1.4401067222213746,
    1.3650792456436158,
    1.3034064456939698,
    1.2595837549591065,
    1.2074612669372558,
    1.1659157944488525,
    1.1341517989349366,
    1.11967507522583,
    1.0863095866012573,
    1.0616997797012329,
    1.0486959059906007,
    1.0348937519073487,
    1.011008428630829,
    0.9973062049102783,
    0.987684070892334,
    0.9576811831474304,
    0.9550419005203247,
    0.94423255859375,
    0.9193717301940918,
    0.9117899485778809,
    0.9037673026657105,
    0.8814443822860718,
    0.878035825328827,
    0.8700800798797608,
    0.8563338204956055,
    0.8504166405868531,
    0.8367559041595459,
    0.836951414527893
  ],
  "val_losses": [
    0.02267630602121353,
    0.019825580632686614,
    0.01809350124001503,
    0.017132235527038575,
    0.016195045268535616,
    0.015003773242235183,
    0.014753381687402724,
    0.013919338268041611,
    0.014054161262512207,
    0.013825433540344238,
    0.014137141877412796,
    0.013346660256385803,
    0.012142709290981293,
    0.01223523274064064,
    0.012581891575455665,
    0.012323410907387734,
    0.011563307809829712,
    0.011311645248532296,
    0.011842775928974151,
    0.011973185601830482,
    0.011240565904974938,
    0.011956969371438026,
    0.010703658926486968,
    0.01136535777747631,
    0.010696503120660781,
    0.01072882498204708,
    0.010370558646321297,
    0.010208245265483857,
    0.010614482089877128,
    0.010026291316747666
  ],
  "val_accuracies": [
    47.12,
    54.24,
    58.49,
    60.15,
    63.26,
    65.96,
    66.31,
    68.3,
    68.69,
    68.49,
    67.64,
    69.76,
    72.61,
    72.4,
    72.67,
    72.43,
    74.41,
    74.74,
    73.28,
    72.69,
    75.04,
    74.17,
    76.44,
    74.79,
    76.78,
    76.68,
    77.18,
    77.2,
    76.39,
    77.79
  ],
  "best_accuracy": 77.79,
  "percentage": 0.5,
  "combo": "flip_rotation_color_crop"
}