{
  "train_losses": [
    1.8811133897781371,
    1.5459893787384034,
    1.3778325119018555,
    1.2904404594421386,
    1.2139801733016968,
    1.0799070840835572,
    1.0021018264770507,
    0.935355368232727,
    0.8576068923473358,
    0.7823878092765808,
    0.7163765477180482,
    0.6406261756896973,
    0.5944544258117676,
    0.5757304956436157,
    0.5138023496627807,
    0.41967863111495973,
    0.4113720576763153,
    0.3897171525001526,
    0.332859194278717,
    0.2871795997619629,
    0.2425181800842285,
    0.31026435441970823,
    0.24926725370883943,
    0.1594212278366089,
    0.16102631982564927,
    0.11902623164653778,
    0.17459777674674987,
    0.18312647070884705,
    0.1725838209629059,
    0.13336857575662434
  ],
  "val_losses": [
    0.02601866933107376,
    0.02257213237285614,
    0.0205522539973259,
    0.023655922651290892,
    0.019638669091463088,
    0.019133110153675078,
    0.01952090075612068,
    0.017820871978998183,
    0.01857779263854027,
    0.018223765593767167,
    0.01848699746131897,
    0.01691781185269356,
    0.01955458522439003,
    0.020835660940408708,
    0.01671423262357712,
    0.01903467430472374,
    0.022047956001758576,
    0.023626167124509812,
    0.02072485343813896,
    0.020397782027721405,
    0.02162961800098419,
    0.02235200412273407,
    0.021320906096696852,
    0.02205672045946121,
    0.022256505089998244,
    0.0249356758415699,
    0.027174760407209397,
    0.02127258620262146,
    0.022551764184236527,
    0.022583495622873307
  ],
  "val_accuracies": [
    36.37,
    46.42,
    52.12,
    47.74,
    56.08,
    57.56,
    56.08,
    60.47,
    58.53,
    61.12,
    60.0,
    63.43,
    60.5,
    58.9,
    64.96,
    62.24,
    61.3,
    60.69,
    62.05,
    64.65,
    63.33,
    62.21,
    62.71,
    64.76,
    64.97,
    62.8,
    61.04,
    64.25,
    65.07,
    65.02
  ],
  "best_accuracy": 65.07,
  "percentage": 0.1,
  "combo": "none"
}