{
  "train_losses": [
    1.7400111849975586,
    1.4048095880508422,
    1.275452313156128,
    1.2008871003723145,
    1.1338382331085206,
    1.0907604675674438,
    1.0500487214660645,
    1.0164008100891113,
    0.980684910583496,
    0.9518856157302856,
    0.9267012359046936,
    0.9074911345672607,
    0.8793905102920532,
    0.8618310904693604,
    0.839261942024231,
    0.8279345405960084,
    0.8099533156776428,
    0.8027024409484863,
    0.7866855846786499,
    0.7734074618721009,
    0.7685343058395385,
    0.7552873691177369,
    0.752618776473999,
    0.7441003642082215,
    0.7313057781410217,
    0.7267671464157105,
    0.7196782719039917,
    0.7096794764900207,
    0.7118499391937256,
    0.7034388628768921
  ],
  "val_losses": [
    0.019574263405799867,
    0.015508174377679824,
    0.013828889012336731,
    0.013973882806301116,
    0.012792501375079155,
    0.011502480366826058,
    0.013287632477283477,
    0.011001848798990249,
    0.010881850466132164,
    0.011589512121677399,
    0.010514252257347107,
    0.010598680943250656,
    0.010457147583365441,
    0.010042744779586792,
    0.010241693446040154,
    0.00944114947617054,
    0.009435858395695686,
    0.00948849675655365,
    0.009874286621809007,
    0.009151484578847886,
    0.00885185335278511,
    0.00941904447376728,
    0.009087973812222481,
    0.009532586780190469,
    0.009395951876044273,
    0.009074472859501838,
    0.00866884033381939,
    0.008861547887325287,
    0.009326331579685211,
    0.009066044026613235
  ],
  "val_accuracies": [
    55.42,
    65.36,
    68.26,
    68.15,
    71.24,
    74.61,
    70.5,
    75.63,
    75.62,
    73.54,
    76.96,
    76.92,
    76.81,
    78.23,
    77.79,
    79.34,
    79.15,
    79.13,
    78.03,
    79.66,
    80.5,
    79.22,
    79.93,
    79.31,
    79.37,
    80.31,
    80.58,
    80.83,
    79.86,
    80.05
  ],
  "best_accuracy": 80.83,
  "percentage": 1.0,
  "combo": "auto_augment"
}