{
  "train_losses": [
    1.3691484628677368,
    1.0141987823867797,
    0.8720761862182618,
    0.7757822145843506,
    0.7093217764091492,
    0.6547110305786132,
    0.6084257844924926,
    0.5666040642929077,
    0.5229945759010315,
    0.49283729724884034,
    0.4609115082550049,
    0.4327485081481934,
    0.40877849487781526,
    0.38673085414886477,
    0.3706651685667038,
    0.35217141773223876,
    0.3318928387641907,
    0.31963413958549497,
    0.30658093066215514,
    0.2952001317882538,
    0.2827263180732727,
    0.2803427527809143,
    0.26209347440719605,
    0.26551453533649444,
    0.2533623116397858,
    0.247496054520607,
    0.24206790491580962,
    0.23954073875427245,
    0.22977127277374268,
    0.23397464433670043
  ],
  "val_losses": [
    0.01652838081121445,
    0.013753409570455552,
    0.01221305281817913,
    0.011811658909916877,
    0.01215232248902321,
    0.010333291262388229,
    0.009744504061341286,
    0.010051466423273087,
    0.009616838851571084,
    0.010656198489665985,
    0.009970329535007478,
    0.009450273191928864,
    0.009157133986055851,
    0.009446409502625465,
    0.009575992161035538,
    0.00950965381115675,
    0.01048260383605957,
    0.010204129004478455,
    0.011032098972797394,
    0.010201453098654747,
    0.011357977789640426,
    0.010475401797890664,
    0.011181192952394486,
    0.010003428587317467,
    0.01016286801993847,
    0.01143848115503788,
    0.011099453124403953,
    0.010874305665493012,
    0.011998212480545044,
    0.012272031033039093
  ],
  "val_accuracies": [
    63.31,
    69.5,
    72.36,
    73.53,
    73.32,
    76.91,
    78.47,
    77.73,
    78.68,
    77.34,
    78.47,
    79.7,
    80.54,
    80.15,
    79.59,
    79.45,
    78.47,
    78.99,
    78.22,
    80.19,
    78.09,
    79.17,
    77.98,
    79.85,
    80.22,
    78.13,
    79.18,
    79.37,
    78.73,
    77.73
  ],
  "best_accuracy": 80.54,
  "percentage": 1.0,
  "combo": "none"
}