{
  "train_losses": [
    1.6630023737335204,
    1.3089904319000245,
    1.1628880294036865,
    1.038558062133789,
    0.9615173354530334,
    0.8843998543930054,
    0.8134479961013794,
    0.7549376043510437,
    0.7114875126838685,
    0.652877568473816,
    0.5899535808086396,
    0.5587860865783691,
    0.5188742735862731,
    0.47240652477264405,
    0.4136231245946884,
    0.38154295442581176,
    0.36538184644699095,
    0.33246509484291076,
    0.28783700850963595,
    0.2586295081520081,
    0.24004092933654786,
    0.22628097034454345,
    0.21731083932876588,
    0.1782387263393402,
    0.17832134237229824,
    0.18126201979398726,
    0.16090503610610962,
    0.16140749777317048,
    0.13976299713134765,
    0.1407583173894882
  ],
  "val_losses": [
    0.02071749608516693,
    0.018615332913398744,
    0.017028705561161043,
    0.01631547030210495,
    0.01464368069767952,
    0.014394759857654572,
    0.014921688896417618,
    0.013456924080848694,
    0.01468440927863121,
    0.013306291237473488,
    0.01487454531788826,
    0.014642448937892913,
    0.014149213272333145,
    0.01329593985080719,
    0.014569096899032593,
    0.013894368612766266,
    0.015140558767318726,
    0.01769174085855484,
    0.015435239771008491,
    0.016328587186336518,
    0.016644596239924432,
    0.01770806285738945,
    0.015469166332483292,
    0.01626435706615448,
    0.020496705186367033,
    0.017290040943026542,
    0.01903569861650467,
    0.018363974836468698,
    0.019201115393638613,
    0.018721775460243225
  ],
  "val_accuracies": [
    52.05,
    56.8,
    61.34,
    63.08,
    66.66,
    67.71,
    67.32,
    69.93,
    68.3,
    70.36,
    67.93,
    69.63,
    70.79,
    72.68,
    71.62,
    71.81,
    70.25,
    67.94,
    72.02,
    70.7,
    70.65,
    69.15,
    72.2,
    71.78,
    67.24,
    72.23,
    69.77,
    71.16,
    70.86,
    71.42
  ],
  "best_accuracy": 72.68,
  "percentage": 0.25,
  "combo": "none"
}