{
  "train_losses": [
    1.9970460606384277,
    1.7070148874282838,
    1.5683953059768676,
    1.4555006576919556,
    1.385126851119995,
    1.3338117849349975,
    1.2871698490142822,
    1.263585492286682,
    1.2156791244125367,
    1.1889587939453126,
    1.1574762970733643,
    1.153072033920288,
    1.097931186027527,
    1.0910883905410766,
    1.0641679318618775,
    1.0390419314575194,
    1.0168427333831787,
    1.0167796372795106,
    1.0211028100204467,
    0.9735932476425171,
    0.9483090575790405,
    0.9330708826065064,
    0.9257987268447876,
    0.8977627043914795,
    0.8860640132141113,
    0.8592713085746765,
    0.8588414332580566,
    0.8441941668128967,
    0.8525242574691773,
    0.8307699522972107
  ],
  "val_losses": [
    0.024316766464710236,
    0.020516291975975036,
    0.019205350494384765,
    0.017245282065868377,
    0.017103058284521102,
    0.01868275132775307,
    0.01564873178601265,
    0.015264070665836335,
    0.015827088409662248,
    0.014718995648622514,
    0.014462003868818282,
    0.015976975071430206,
    0.014714518523216247,
    0.013687948095798493,
    0.013216529083251953,
    0.013751141947507858,
    0.013310107278823853,
    0.014831325137615203,
    0.013135551220178603,
    0.012637937250733375,
    0.012338849839568138,
    0.014477143710851669,
    0.012829219445586204,
    0.013611629796028138,
    0.013639794701337814,
    0.013127978414297104,
    0.012359919449687003,
    0.012124646797776223,
    0.012657756274938583,
    0.012389864853024483
  ],
  "val_accuracies": [
    43.01,
    53.11,
    58.07,
    60.83,
    61.09,
    56.45,
    64.34,
    65.5,
    64.43,
    66.07,
    66.85,
    65.13,
    67.36,
    70.23,
    70.26,
    68.7,
    71.26,
    66.58,
    70.65,
    72.17,
    72.96,
    68.4,
    71.74,
    70.43,
    70.64,
    71.91,
    73.43,
    73.62,
    72.57,
    72.87
  ],
  "best_accuracy": 73.62,
  "percentage": 0.25,
  "combo": "auto_augment"
}