{
  "train_losses": [
    1.5392616047668457,
    1.1687116278839111,
    1.0169356376838683,
    0.9143813037490844,
    0.8408397356033325,
    0.7671566125869751,
    0.7146259970664978,
    0.6623571624565124,
    0.6218167888069153,
    0.5643661619472503,
    0.5175605957984925,
    0.4921717782020569,
    0.4425880400466919,
    0.41273150601387026,
    0.37652387924194336,
    0.3504067491054535,
    0.3285815520381927,
    0.2833257795906067,
    0.28036596474647524,
    0.2608370514678955,
    0.2544492550945282,
    0.23275296461105346,
    0.22301650106430054,
    0.19715305129289626,
    0.20075492123603822,
    0.18074383699417115,
    0.19505131767272949,
    0.17933565431118012,
    0.1747217215681076,
    0.162392893743515
  ],
  "val_losses": [
    0.018953992211818694,
    0.0169265988945961,
    0.014177106887102126,
    0.013590769654512405,
    0.013628352606296539,
    0.014315886691212655,
    0.01139393077492714,
    0.011636200216412543,
    0.011536770245432853,
    0.011710569623112678,
    0.011960875877738,
    0.012939952030777932,
    0.012715555489063264,
    0.01113667206466198,
    0.012551534727215766,
    0.01209365086555481,
    0.01204571703672409,
    0.01295587694644928,
    0.01294767383635044,
    0.013165142858028412,
    0.013290435373783112,
    0.012692093995213509,
    0.014221993985772133,
    0.013997053989768029,
    0.014033937528729439,
    0.014473019787669182,
    0.01378607442677021,
    0.014500087979435921,
    0.015223013132810593,
    0.014457174634933472
  ],
  "val_accuracies": [
    55.42,
    60.97,
    68.09,
    69.04,
    69.56,
    68.47,
    74.94,
    74.16,
    74.62,
    74.55,
    73.99,
    73.44,
    74.51,
    76.94,
    75.69,
    75.57,
    75.95,
    75.64,
    75.12,
    75.35,
    75.9,
    76.35,
    76.19,
    75.78,
    75.42,
    75.84,
    75.31,
    75.43,
    75.05,
    75.64
  ],
  "best_accuracy": 76.94,
  "percentage": 0.5,
  "combo": "none"
}