{
  "train_losses": [
    1.9385990919113159,
    1.6365317308425904,
    1.511343404197693,
    1.428774542236328,
    1.3739376678466797,
    1.2936824142456054,
    1.2347393575668335,
    1.1804415451049806,
    1.136895474910736,
    1.1027576008796691,
    1.0353145755767823,
    1.0382812741279601,
    0.9827017463684082,
    0.9373824125289917,
    0.9018192836761475
  ],
  "val_losses": [
    0.025739896285533904,
    0.024401221656799317,
    0.024270573389530183,
    0.020466198682785035,
    0.020517208564281464,
    0.01900891785621643,
    0.018614292758703233,
    0.01826289449930191,
    0.018231871443986893,
    0.01748816491961479,
    0.017717093992233278,
    0.01680489611029625,
    0.01693013725876808,
    0.016824509727954864,
    0.017014901471138
  ],
  "val_accuracies": [
    40.18,
    42.57,
    44.17,
    52.64,
    52.84,
    56.57,
    57.18,
    57.59,
    58.85,
    60.15,
    60.54,
    61.78,
    62.29,
    62.4,
    62.91
  ],
  "best_accuracy": 62.91,
  "percentage": 0.1,
  "combo": "rotation_deg_15"
}