{
  "train_losses": [
    1.8995438316345215,
    1.5520049217224121,
    1.4341555416107177,
    1.3469539054870605,
    1.2247193056106567,
    1.1943167583465577,
    1.1086402729034424,
    1.0449800161361695,
    0.9937500329971314,
    0.9473542510986328,
    0.8946380556106568,
    0.8435479820251465,
    0.8379704850673676,
    0.7777543594360351,
    0.7534841592788696
  ],
  "val_losses": [
    0.02492147738933563,
    0.02244695637226105,
    0.021456338763237,
    0.0217654523730278,
    0.02228089532852173,
    0.019671115934848785,
    0.017541782504320143,
    0.017281322628259658,
    0.01741311327815056,
    0.015460637366771697,
    0.016218407410383225,
    0.016308828246593476,
    0.01606943811774254,
    0.016121490573883058,
    0.015282809120416642
  ],
  "val_accuracies": [
    39.92,
    47.58,
    49.94,
    50.43,
    50.68,
    56.35,
    59.89,
    61.37,
    61.3,
    65.13,
    63.82,
    63.68,
    64.79,
    64.24,
    66.09
  ],
  "best_accuracy": 66.09,
  "percentage": 0.1,
  "combo": "flip"
}