{
  "train_losses": [
    2.0461543811798095,
    1.8196092311859131,
    1.7182653930664062,
    1.6377688947677613,
    1.6069634819030763,
    1.625865481376648,
    1.5313903499603272,
    1.5050327346801757,
    1.4699255592346192,
    1.4157777156829834,
    1.3640863250732422,
    1.3623316452026366,
    1.3045663623809813,
    1.3328797044754028,
    1.3823290897369385
  ],
  "val_losses": [
    0.027203924083709717,
    0.025498197424411773,
    0.02312978698015213,
    0.020623522996902465,
    0.020111580872535704,
    0.02062917354106903,
    0.019334095925092696,
    0.019323290240764616,
    0.018950382113456725,
    0.018703332674503328,
    0.017748458576202393,
    0.017100739395618438,
    0.016149272060394286,
    0.016183367097377777,
    0.018336002737283707
  ],
  "val_accuracies": [
    36.02,
    40.64,
    45.51,
    50.88,
    55.21,
    56.24,
    54.84,
    56.03,
    58.74,
    57.95,
    62.99,
    61.24,
    64.03,
    63.86,
    60.24
  ],
  "best_accuracy": 64.03,
  "percentage": 0.1,
  "combo": "none_cutmix"
}