{
  "train_losses": [
    2.115027306365967,
    1.8544907133102417,
    1.7889521091461182,
    1.7116775333404541,
    1.6612488132476806,
    1.6064336112976074,
    1.5762871322631835,
    1.5553540927886962,
    1.496450234413147,
    1.476149248123169,
    1.4517719812393188,
    1.4351947116851806,
    1.3941820846557618,
    1.3826717617034912,
    1.366122868347168,
    1.3354177644729615,
    1.307118162536621,
    1.3021441438674928,
    1.3085326530456542,
    1.267314888381958,
    1.2782559085845948,
    1.2709713052749634,
    1.2545935806274413,
    1.2065465812683105,
    1.2079917976379395,
    1.1868992168426513,
    1.2040338676452638,
    1.163509658050537,
    1.1586632901191711,
    1.152313925933838
  ],
  "val_losses": [
    0.029240497624874115,
    0.03184041695594787,
    0.02509543524980545,
    0.02347257685661316,
    0.02366819350719452,
    0.0218575013756752,
    0.023297840785980226,
    0.021677451300621032,
    0.01990185432434082,
    0.019373788303136824,
    0.0199148562669754,
    0.019310071450471877,
    0.018575426703691483,
    0.01984724552631378,
    0.018635102671384813,
    0.017776731050014496,
    0.017719770693778992,
    0.01835773500800133,
    0.0175110322535038,
    0.016390370345115663,
    0.017027491295337677,
    0.017454603213071823,
    0.016237567728757858,
    0.017273150086402893,
    0.015824249053001404,
    0.01784408574104309,
    0.016378828924894333,
    0.015386941957473754,
    0.015235392302274704,
    0.01615045256614685
  ],
  "val_accuracies": [
    29.38,
    31.07,
    41.81,
    44.91,
    46.16,
    49.23,
    44.65,
    48.65,
    54.39,
    55.48,
    53.54,
    54.76,
    57.36,
    54.69,
    57.59,
    59.62,
    59.26,
    59.4,
    59.42,
    62.25,
    60.83,
    59.16,
    62.83,
    60.32,
    63.96,
    60.52,
    62.42,
    64.77,
    65.34,
    63.27
  ],
  "best_accuracy": 65.34,
  "percentage": 0.1,
  "combo": "flip_rotation_color_crop"
}