{
  "train_losses": [
    2.032808299255371,
    1.7671204872131347,
    1.670125352859497,
    1.6129580457687378,
    1.5481890258789062,
    1.509188795852661,
    1.462506135559082,
    1.445928406906128,
    1.3884970092773437,
    1.3568184764862061
  ],
  "val_losses": [
    0.026949669241905214,
    0.02510718548297882,
    0.02344317579269409,
    0.022977737152576446,
    0.023453094327449797,
    0.022121854484081268,
    0.021924116718769072,
    0.020039484429359437,
    0.020182381844520567,
    0.01963197850584984
  ],
  "val_accuracies": [
    36.59,
    38.81,
    45.52,
    46.26,
    46.09,
    48.59,
    47.68,
    52.75,
    52.74,
    55.68
  ],
  "best_accuracy": 55.68,
  "percentage": 0.1,
  "combo": "rotation15_crop"
}