{
  "train_losses": [
    2.0189960250854493,
    1.7131073974609374,
    1.601136851119995,
    1.5165667606353759,
    1.4406650045394898,
    1.4066848724365235,
    1.3493763467788695,
    1.3072922697067262,
    1.2746703872680665,
    1.2611534246444702,
    1.2105007411956787,
    1.1590392784118653,
    1.1454179489135743,
    1.1472673238754272,
    1.1233144607543946,
    1.0674550228118898,
    1.0585395095825196,
    1.0437534362792968,
    1.0392193470954896,
    0.990460057258606,
    0.9648388204574585,
    0.9426899147033692,
    0.9409929248809814,
    0.9335025346755982,
    0.9139735349655151,
    0.8870288639068603,
    0.895216438293457,
    0.863091243171692,
    0.8598628299713135,
    0.8364498014450074
  ],
  "val_losses": [
    0.02775871831178665,
    0.025826277661323546,
    0.024380467939376833,
    0.020783316111564636,
    0.020497830975055694,
    0.019890860426425933,
    0.019637076288461685,
    0.018801243394613264,
    0.021223841834068297,
    0.01736626020669937,
    0.017318875801563265,
    0.01700716709494591,
    0.019132765352725983,
    0.016408292770385743,
    0.015981098520755768,
    0.016672503346204758,
    0.017039550817012788,
    0.01597739468216896,
    0.015992696845531465,
    0.016416968858242034,
    0.015870655232667924,
    0.015474455052614211,
    0.015441725832223892,
    0.01485153678059578,
    0.01569207239151001,
    0.015846089047193528,
    0.014943508785963058,
    0.015987885224819184,
    0.014339080625772476,
    0.013795288509130478
  ],
  "val_accuracies": [
    36.98,
    40.21,
    44.24,
    52.05,
    52.63,
    54.05,
    54.8,
    57.07,
    53.04,
    59.92,
    61.0,
    61.43,
    57.36,
    63.28,
    64.25,
    62.9,
    61.69,
    63.73,
    64.31,
    62.95,
    64.95,
    65.56,
    64.66,
    67.2,
    65.54,
    66.09,
    67.32,
    64.42,
    68.63,
    70.17
  ],
  "best_accuracy": 70.17,
  "percentage": 0.1,
  "combo": "flip_rotation_color"
}