{
  "train_losses": [
    1.9821175235748292,
    1.687396255493164,
    1.5871538867950439,
    1.502122971343994,
    1.444735556602478,
    1.4219007095336913,
    1.3521450729370117,
    1.3457423013687133,
    1.2923313419342042,
    1.254084897994995,
    1.2212689556121825,
    1.1969337102890014,
    1.1875129539489746,
    1.1403427213668824,
    1.1222210721969605
  ],
  "val_losses": [
    0.02681439653635025,
    0.024400770378112793,
    0.02286333303451538,
    0.02208091410398483,
    0.02209321358203888,
    0.02030169084072113,
    0.019864763844013214,
    0.01925232527256012,
    0.018385134476423263,
    0.01894838792681694,
    0.018940370297431945,
    0.018104534685611726,
    0.01804587478041649,
    0.018203021305799483,
    0.018674039137363433
  ],
  "val_accuracies": [
    38.08,
    44.4,
    46.95,
    47.81,
    48.6,
    53.27,
    54.04,
    56.33,
    57.04,
    56.87,
    57.37,
    59.16,
    57.86,
    58.22,
    58.18
  ],
  "best_accuracy": 59.16,
  "percentage": 0.1,
  "combo": "rotation_deg_30"
}