{
  "train_losses": [
    1.9519168199539185,
    1.6263488496780396,
    1.529868645477295,
    1.460747804260254,
    1.3757603181838989,
    1.3334022708892823,
    1.291154455947876,
    1.22653675699234,
    1.1954633304595947,
    1.1683289673328399
  ],
  "val_losses": [
    0.024801943027973176,
    0.023918893551826477,
    0.02184530919790268,
    0.020941098070144652,
    0.02070906893014908,
    0.019239181941747667,
    0.019198292517662047,
    0.01767408785820007,
    0.019239109814167023,
    0.01797645165324211
  ],
  "val_accuracies": [
    40.78,
    43.95,
    48.7,
    50.8,
    52.7,
    55.41,
    56.16,
    59.66,
    55.99,
    58.83
  ],
  "best_accuracy": 59.66,
  "percentage": 0.1,
  "combo": "flip_rotation15"
}