{
  "train_losses": [
    2.0505472259521484,
    1.7331894309997558,
    1.5945871311187745,
    1.515014280128479,
    1.483121858215332,
    1.4217009494781494,
    1.3530745792388916,
    1.3112635646820068,
    1.2621105445861815,
    1.2219013774871825
  ],
  "val_losses": [
    0.026091514086723326,
    0.02475041197538376,
    0.022108463335037232,
    0.021093647420406342,
    0.023390266358852385,
    0.020486773347854613,
    0.021583618277311326,
    0.01856823145151138,
    0.018869400084018707,
    0.018041222721338273
  ],
  "val_accuracies": [
    40.07,
    39.93,
    47.17,
    50.46,
    46.83,
    53.27,
    50.2,
    57.59,
    57.95,
    59.37
  ],
  "best_accuracy": 59.37,
  "percentage": 0.1,
  "combo": "rotation15_color0.3"
}