{
  "train_losses": [
    1.7182560231018067,
    1.4548590571594238,
    1.334464107761383,
    1.2507983570861816,
    1.1924708201980592,
    1.1492391818618775,
    1.117381238555908,
    1.0816844966888428,
    1.0527635502624513,
    1.02857663482666,
    1.0041437788772583,
    0.9838806021881104,
    0.9616150680923462,
    0.9481198241043091,
    0.933365091714859,
    0.9280343529510499,
    0.9057052449035644,
    0.8932762259292603,
    0.8837011698913574,
    0.8742670347976684,
    0.8653795965957641,
    0.858966153755188,
    0.8582118215942383,
    0.8460952428245544,
    0.8470675604248047,
    0.8399154007339478,
    0.8277052724456787,
    0.8239129403305053,
    0.8201499813461304,
    0.8182021703720093
  ],
  "val_losses": [
    0.02105333434343338,
    0.018022111350297926,
    0.01526055048108101,
    0.016227047276496886,
    0.014073496448993682,
    0.013759256392717361,
    0.012459802198410034,
    0.012792480421066284,
    0.012101723110675812,
    0.012074105271697045,
    0.01267983993589878,
    0.011325147384405137,
    0.010886675083637238,
    0.010893634697794915,
    0.010191507098078728,
    0.010914098486304284,
    0.011324770531058312,
    0.010689798045158386,
    0.010984577083587646,
    0.009873823022842407,
    0.009717911314964295,
    0.009872471851110459,
    0.00971261836439371,
    0.010246874684095382,
    0.009561851754784583,
    0.010196060040593147,
    0.009500394994020462,
    0.009587941631674767,
    0.009295191082358361,
    0.009303647407889366
  ],
  "val_accuracies": [
    50.25,
    58.49,
    65.07,
    63.48,
    68.51,
    68.4,
    71.91,
    71.16,
    72.99,
    73.23,
    72.42,
    75.21,
    76.25,
    76.28,
    77.62,
    75.78,
    75.31,
    76.53,
    76.17,
    77.76,
    78.66,
    78.33,
    78.73,
    77.66,
    79.18,
    77.23,
    79.03,
    79.54,
    79.98,
    79.51
  ],
  "best_accuracy": 79.98,
  "percentage": 1.0,
  "combo": "full"
}