{
  "train_losses": [
    1.3299649769592286,
    0.9931195059967041,
    0.8738837226295472,
    0.7937793458938599,
    0.7389578315353393,
    0.6965157298278809,
    0.6612535792732239,
    0.6256576047706603,
    0.5952311133193969,
    0.5684031227874756,
    0.5476548731613159,
    0.5288114878845215,
    0.5143009042167663,
    0.5007993294334412,
    0.4820051633262634,
    0.4671720198249817,
    0.4596757360649109,
    0.44414659587860106,
    0.4348902600097656,
    0.4268126700973511,
    0.4209433631014824,
    0.40873950689315797,
    0.40478380577087403,
    0.4004981400871277,
    0.3918565438938141,
    0.38147037517547605,
    0.3809052069664001,
    0.3737952637004852,
    0.37428564155578614,
    0.36760432527542114
  ],
  "val_losses": [
    0.015339798277616501,
    0.013696973884105682,
    0.01191062453687191,
    0.01131790723502636,
    0.011121480697393417,
    0.011493772196769714,
    0.01058172803223133,
    0.009724391812086106,
    0.009986694318056107,
    0.009558481502532959,
    0.009284411525726318,
    0.009474106487631797,
    0.009233883172273636,
    0.008975369057059288,
    0.009355148702859879,
    0.009018996825814246,
    0.008667527198791504,
    0.009424072308838367,
    0.009359948585927487,
    0.00885356485247612,
    0.00839912256449461,
    0.008292035511136055,
    0.00885416695177555,
    0.00835090896934271,
    0.008319219368696213,
    0.008655276823043824,
    0.008531793308258057,
    0.008551703554391861,
    0.008539777064323425,
    0.008333708536624908
  ],
  "val_accuracies": [
    65.93,
    69.06,
    74.19,
    75.3,
    75.63,
    74.92,
    77.02,
    78.76,
    77.82,
    79.17,
    79.83,
    79.23,
    80.02,
    79.58,
    79.78,
    80.46,
    81.01,
    80.17,
    79.71,
    80.93,
    81.91,
    81.85,
    80.62,
    82.15,
    81.93,
    81.62,
    81.86,
    81.85,
    81.63,
    82.16
  ],
  "best_accuracy": 82.16,
  "percentage": 1.0,
  "combo": "flip"
}