{
  "train_losses": [
    1.672178719329834,
    1.3694153479003905,
    1.2509908976364135,
    1.1478245671081544,
    1.0947115248298644,
    1.046346879901886,
    1.0063137887954712,
    0.9672805379867554,
    0.9432583212089538,
    0.9196495707702637,
    0.8870075091171264,
    0.8672442512321472,
    0.8548157378959655,
    0.8285578791999817,
    0.8115981718444825,
    0.7994020678710938,
    0.7773350883674621,
    0.7634954188156128,
    0.7500468329048157,
    0.7360232556533813,
    0.7366377390861512,
    0.7253927618789673,
    0.7136599244880676,
    0.7148274646759033,
    0.695062607345581,
    0.685167495918274,
    0.6788980961227417,
    0.6655735335159302,
    0.6618586909675598,
    0.6484940685653686
  ],
  "val_losses": [
    0.020446325409412384,
    0.018417681300640105,
    0.016521013206243516,
    0.014312739688158035,
    0.014835883343219758,
    0.013726790028810502,
    0.013285619014501572,
    0.012918039673566818,
    0.012216354003548622,
    0.012656001871824264,
    0.011346736240386963,
    0.011496696895360946,
    0.011505295366048813,
    0.010833621701598167,
    0.01109217157959938,
    0.010506707724928855,
    0.01050927737057209,
    0.010231450861692429,
    0.010041591194272042,
    0.010068393069505691,
    0.009765255457162857,
    0.01044416163265705,
    0.01023822931945324,
    0.01014387284219265,
    0.00987997222840786,
    0.009751940068602562,
    0.010725055009126664,
    0.00981738028228283,
    0.009955619582533836,
    0.009584361714124679
  ],
  "val_accuracies": [
    52.04,
    57.36,
    63.83,
    67.67,
    67.93,
    69.59,
    70.46,
    70.93,
    72.31,
    72.21,
    75.19,
    75.07,
    74.67,
    76.06,
    75.9,
    77.11,
    76.91,
    77.23,
    78.01,
    77.95,
    78.83,
    76.91,
    78.04,
    78.44,
    78.58,
    78.93,
    77.23,
    78.66,
    78.71,
    79.01
  ],
  "best_accuracy": 79.01,
  "percentage": 0.5,
  "combo": "flip_rotation_color"
}