{
  "train_losses": [
    2.046007586669922,
    1.76629970703125,
    1.6432973476409911,
    1.5796363025665283,
    1.528814503479004,
    1.4449642055511474,
    1.3829022367477417,
    1.350304273223877,
    1.3388858283996583,
    1.280305264854431,
    1.2110266635894775,
    1.1777958427429198,
    1.1477168511390685,
    1.1473283757209778,
    1.1017769161224364
  ],
  "val_losses": [
    0.027280755150318147,
    0.026503925919532777,
    0.024011153733730316,
    0.022747840249538423,
    0.02206284143924713,
    0.020197585952281952,
    0.01947375919818878,
    0.019915725582838058,
    0.01884743940234184,
    0.017673580306768417,
    0.018522457271814348,
    0.018420199579000474,
    0.017706427508592606,
    0.01764905400276184,
    0.01819741957783699
  ],
  "val_accuracies": [
    37.6,
    38.26,
    43.95,
    47.04,
    47.81,
    52.46,
    54.27,
    54.39,
    55.95,
    58.93,
    57.27,
    58.17,
    59.56,
    59.41,
    59.21
  ],
  "best_accuracy": 59.56,
  "percentage": 0.1,
  "combo": "crop"
}