{
  "train_losses": [
    1.9897527359008789,
    1.6772554361343384,
    1.5230902362823486,
    1.4123120281219483,
    1.339944668197632,
    1.2733704006195068,
    1.2070885082244873,
    1.1624291147232055,
    1.095629461288452,
    1.0800827157974242
  ],
  "val_losses": [
    0.025562890577316283,
    0.024368763554096222,
    0.02160594229698181,
    0.020363436067104338,
    0.019426337963342668,
    0.021009019100666045,
    0.018205887073278425,
    0.018061671870946885,
    0.01777054632306099,
    0.016574857383966447
  ],
  "val_accuracies": [
    39.34,
    44.34,
    50.69,
    54.07,
    55.43,
    51.72,
    57.92,
    58.5,
    58.96,
    62.48
  ],
  "best_accuracy": 62.48,
  "percentage": 0.1,
  "combo": "flip_color0.3"
}