{
  "train_losses": [
    2.0594918256759644,
    1.854797091293335,
    1.7962851188659668,
    1.7381844165802003,
    1.7086800632476806,
    1.6617319713592529,
    1.6301097410202026,
    1.5975635753631592,
    1.5699937370300292,
    1.5582766996383668,
    1.5375928665161134,
    1.518589967727661,
    1.4889265844345092,
    1.4746449291229249,
    1.4680472663879394
  ],
  "val_losses": [
    0.028116599452495575,
    0.026828118526935577,
    0.026096833360195158,
    0.024575993680953978,
    0.02525867120027542,
    0.023699841237068177,
    0.023703244757652283,
    0.02279866690635681,
    0.023882372963428496,
    0.022860135304927826,
    0.022730085027217864,
    0.02270561217069626,
    0.021877911281585692,
    0.022101183915138243,
    0.0209162486076355
  ],
  "val_accuracies": [
    34.33,
    38.17,
    40.82,
    43.15,
    41.51,
    44.17,
    46.07,
    46.77,
    44.79,
    47.86,
    47.33,
    46.75,
    49.64,
    47.55,
    51.87
  ],
  "best_accuracy": 51.87,
  "percentage": 0.1,
  "combo": "rotation_deg_90"
}