{
  "train_losses": [
    1.9863833263397217,
    1.6479178331375122,
    1.5030264427185058,
    1.3791896514892579,
    1.2866313583374023,
    1.1790491357803345,
    1.103869875907898,
    1.061011238384247,
    0.9515395935058594,
    0.906826894569397,
    0.8440712972640991,
    0.7993025299072266,
    0.7953613195419311,
    0.691401284790039,
    0.6610061469078063
  ],
  "val_losses": [
    0.025501255106925965,
    0.023809226858615876,
    0.021644338858127592,
    0.019735513138771057,
    0.019344175553321838,
    0.019177806293964386,
    0.021223693799972534,
    0.018518381208181382,
    0.018009884095191955,
    0.016595232450962068,
    0.016613777911663054,
    0.01980141988992691,
    0.01726644639968872,
    0.016682997769117355,
    0.017289607763290405
  ],
  "val_accuracies": [
    40.02,
    43.27,
    49.63,
    54.55,
    55.29,
    55.51,
    52.71,
    57.73,
    60.88,
    62.81,
    63.02,
    58.75,
    63.08,
    63.95,
    63.07
  ],
  "best_accuracy": 63.95,
  "percentage": 0.1,
  "combo": "color_0.2"
}