{
  "train_losses": [
    1.9988518133163453,
    1.665529235649109,
    1.5279917533874512,
    1.4245594299316406,
    1.3249598628997803,
    1.236643306159973,
    1.1549433601379395,
    1.1033315561294557,
    1.0559397232055665,
    0.960379499053955,
    0.9019981294631958,
    0.8542116687774658,
    0.8023233619689941,
    0.7479019352436066,
    0.6750493123054504
  ],
  "val_losses": [
    0.02594933819770813,
    0.024714720010757446,
    0.024184131801128387,
    0.020595095121860505,
    0.020187586331367493,
    0.01866995220184326,
    0.01888501598238945,
    0.01740221676826477,
    0.01683058761358261,
    0.017815046489238737,
    0.016604420548677445,
    0.018229528254270554,
    0.018387767380475997,
    0.018794081181287767,
    0.016454996544122694
  ],
  "val_accuracies": [
    40.93,
    41.22,
    44.09,
    52.67,
    53.77,
    57.59,
    56.73,
    60.77,
    61.78,
    59.6,
    62.85,
    60.41,
    61.91,
    59.64,
    64.85
  ],
  "best_accuracy": 64.85,
  "percentage": 0.1,
  "combo": "color_0.3"
}