{
  "train_losses": [
    1.6775317030715942,
    1.3941772604370117,
    1.2719876181793213,
    1.1864534265899658,
    1.1236588965606689,
    1.070878683052063,
    1.0221966662025452,
    0.9962267719268799,
    0.9625943151473999,
    0.9368423720550537,
    0.9082517572784424,
    0.8951732421875,
    0.8714201224136352,
    0.8512441011619568,
    0.8393367271614075,
    0.8260248443984985,
    0.8120548920822144,
    0.7970040650177002,
    0.7903621882629395,
    0.7764543431854248,
    0.7714000915145874,
    0.7547622424793243,
    0.7568543816375732,
    0.7491044282913208,
    0.7416361736869812,
    0.7312382310104371,
    0.7259863064193726,
    0.7292416439056396,
    0.7198829211044312,
    0.7168814023590088
  ],
  "val_losses": [
    0.02109070225954056,
    0.017690742975473402,
    0.016806698244810105,
    0.01409094335436821,
    0.014272330838441849,
    0.013552150893211365,
    0.012099142298102378,
    0.011754337325692176,
    0.011283588206768036,
    0.011097546258568763,
    0.010769259157776833,
    0.010718277317285538,
    0.010312853062152863,
    0.010727406242489815,
    0.010662835946679116,
    0.010507599660754204,
    0.010133716088533402,
    0.010843669641017914,
    0.009630517330765724,
    0.009417434905469417,
    0.009767584359645844,
    0.010284335592389107,
    0.010541883677244186,
    0.009311585253477096,
    0.008952073991298675,
    0.008861504150927067,
    0.009615287244319915,
    0.00956719368994236,
    0.00944874306321144,
    0.00913075952231884
  ],
  "val_accuracies": [
    51.01,
    58.83,
    61.33,
    68.09,
    68.09,
    68.86,
    72.73,
    73.49,
    75.52,
    75.51,
    76.05,
    76.97,
    77.37,
    76.49,
    76.8,
    77.11,
    77.77,
    76.15,
    79.09,
    79.43,
    78.5,
    77.8,
    76.49,
    79.73,
    80.73,
    80.26,
    79.05,
    78.98,
    79.04,
    79.52
  ],
  "best_accuracy": 80.73,
  "percentage": 1.0,
  "combo": "flip_rotation_color_crop"
}