{
  "train_losses": [
    1.8989303839492797,
    1.6519055742645263,
    1.5519975274658202,
    1.472914960975647,
    1.4221680920410156,
    1.3743407340240479,
    1.3324931759834289,
    1.2855056643295288,
    1.2628689145660401,
    1.2254688710403443,
    1.2017267127227784,
    1.1655090738677978,
    1.1460274377822877,
    1.1332176733398438,
    1.1108712007904054,
    1.0955095704269409,
    1.0724147707366944,
    1.0508384695243835,
    1.0355532915878296,
    1.0248962247467042,
    1.0271677581787109,
    1.0091155923843385,
    0.9960356287956238,
    0.9794980257415772,
    0.9678580951309204,
    0.9581346572494507,
    0.9483863340759278,
    0.9272889945602417,
    0.9290649216079712,
    0.9161705882644653
  ],
  "val_losses": [
    0.025425202536582946,
    0.023793388414382933,
    0.02206551742553711,
    0.02031328921318054,
    0.019180603194236756,
    0.017590365475416182,
    0.019983358240127563,
    0.016703684628009797,
    0.01864396492242813,
    0.015084191167354584,
    0.014561339873075485,
    0.01502129402756691,
    0.016444261568784715,
    0.014458037918806076,
    0.014042375630140304,
    0.014756866759061814,
    0.015474954396486282,
    0.014887120848894118,
    0.014009831601381301,
    0.013367137467861176,
    0.01344251951277256,
    0.012644722086191178,
    0.01325844900906086,
    0.012761755868792534,
    0.0132457806289196,
    0.013469544833898544,
    0.013136559012532235,
    0.012002871304750442,
    0.012042900040745735,
    0.012508722087740898
  ],
  "val_accuracies": [
    38.22,
    45.1,
    48.26,
    52.73,
    55.73,
    59.51,
    53.56,
    61.69,
    59.07,
    65.76,
    67.36,
    65.99,
    62.64,
    66.75,
    68.04,
    67.14,
    65.85,
    67.16,
    67.89,
    69.55,
    70.1,
    71.91,
    70.21,
    71.57,
    70.95,
    70.24,
    71.17,
    73.72,
    73.38,
    72.75
  ],
  "best_accuracy": 73.72,
  "percentage": 0.25,
  "combo": "flip_rotation_color_crop"
}