{
  "train_losses": [
    1.9641036318206788,
    1.7240949896621705,
    1.6421660327148437,
    1.567537039794922,
    1.5041866291809083,
    1.4742427292251588,
    1.4417796503448486,
    1.3922858484268188,
    1.3464915026664734,
    1.3459290936279298,
    1.3140514791107178,
    1.295888000640869,
    1.2669054471969605,
    1.2435866961669921,
    1.2390588952636719,
    1.2173278396987914,
    1.2046955002975464,
    1.1946645761108399,
    1.1803075860214234,
    1.1637048629379272,
    1.14659399559021,
    1.1350083975219727,
    1.124731688079834,
    1.117287325401306,
    1.104729141845703,
    1.0912924011039733,
    1.088508821144104,
    1.0677530682373046,
    1.0616012245559692,
    1.0478354232788085
  ],
  "val_losses": [
    0.026048360097408296,
    0.02449138368368149,
    0.022914413785934448,
    0.0209658256649971,
    0.01956846333742142,
    0.017964543968439103,
    0.019317459923028947,
    0.018802263313531877,
    0.01727084186077118,
    0.017951456433534622,
    0.01672895463705063,
    0.016561903351545334,
    0.016079697388410568,
    0.015875990653038026,
    0.01581225320696831,
    0.015025032216310501,
    0.01460711891055107,
    0.014859916943311692,
    0.014430569189786911,
    0.014529908573627471,
    0.013567231088876724,
    0.013794217944145202,
    0.013707833242416381,
    0.013669626879692077,
    0.014640085917711258,
    0.013745323550701141,
    0.01365350096821785,
    0.014179328334331512,
    0.013301870441436768,
    0.013089746761322022
  ],
  "val_accuracies": [
    38.56,
    42.69,
    44.04,
    50.16,
    54.7,
    58.45,
    54.95,
    55.81,
    60.4,
    59.55,
    61.29,
    61.42,
    64.18,
    63.87,
    64.15,
    66.15,
    67.03,
    66.17,
    66.22,
    67.05,
    68.95,
    68.71,
    69.49,
    69.24,
    67.08,
    69.55,
    69.3,
    68.11,
    70.56,
    70.5
  ],
  "best_accuracy": 70.56,
  "percentage": 0.25,
  "combo": "full"
}