{
  "train_losses": [
    1.7302013898468018,
    1.3762773640060424,
    1.189186933670044,
    1.0826134490966797,
    1.0025739394760131,
    0.9389112170219421,
    0.8965120144271851,
    0.8478962978744506,
    0.7937979516983033,
    0.7636405527496338,
    0.7181480885696411,
    0.690721076965332,
    0.6667348246765137,
    0.6478354692840577,
    0.6098741749763489,
    0.577116222076416,
    0.5672060200691224,
    0.53943773853302,
    0.5021802784919739,
    0.47320279753684996,
    0.4641904465675354,
    0.4450251257133484,
    0.4137414357185364,
    0.40647602056503296,
    0.37245069410324094,
    0.36840369007110596,
    0.35426912908554076,
    0.3387305636024475,
    0.32346606643676756,
    0.3133232210445404
  ],
  "val_losses": [
    0.023115070581436158,
    0.020519579362869262,
    0.018614957284927368,
    0.01597970244884491,
    0.016493784779310225,
    0.014759730297327042,
    0.013999032580852508,
    0.015015657842159271,
    0.013749672919511796,
    0.012678249633312225,
    0.01313139380812645,
    0.016625862860679626,
    0.012629401701688766,
    0.012114047569036484,
    0.012402487036585808,
    0.01194140573143959,
    0.013058430582284928,
    0.012135460686683655,
    0.013171073758602143,
    0.012419582304358483,
    0.01215654601752758,
    0.012318625611066818,
    0.012645657187700271,
    0.01281042609512806,
    0.01338672012090683,
    0.012571282839775086,
    0.013053355115652084,
    0.01247389006614685,
    0.014633569452166557,
    0.014111809468269348
  ],
  "val_accuracies": [
    46.65,
    53.01,
    57.57,
    63.39,
    62.9,
    66.28,
    68.12,
    66.71,
    69.33,
    71.88,
    71.22,
    65.95,
    72.13,
    73.16,
    73.62,
    74.38,
    71.86,
    74.19,
    72.38,
    73.99,
    73.9,
    74.25,
    74.32,
    74.52,
    73.56,
    74.54,
    74.88,
    74.96,
    73.25,
    73.46
  ],
  "best_accuracy": 74.96,
  "percentage": 0.25,
  "combo": "flip"
}