{
  "train_losses": [
    1.7820975351715087,
    1.5266736487197876,
    1.4101774798583984,
    1.3301243315124511,
    1.2619012062454225,
    1.205092460823059,
    1.1632341621780395,
    1.1277889453506469,
    1.1044463376617433,
    1.0769955280685424,
    1.0475585205078124,
    1.0233007666397094,
    1.0026861817741395,
    0.9828944702911377,
    0.966030062789917,
    0.9472822942924499,
    0.9345971419143677,
    0.9265838360977173,
    0.9172322660636902,
    0.9030866821289063,
    0.8883443188095093,
    0.8773211720657349,
    0.8616272164726257,
    0.848749049949646,
    0.8504116379165649,
    0.8360926644515991,
    0.8304531930351258,
    0.8143019341087341,
    0.8079044902801513,
    0.8052090135192871
  ],
  "val_losses": [
    0.023802730274200438,
    0.02114239420890808,
    0.017720760583877563,
    0.01714484800696373,
    0.0152686363697052,
    0.0158531322658062,
    0.013584164702892303,
    0.014478011798858643,
    0.012818697586655617,
    0.013852601581811905,
    0.012666021084785461,
    0.0125602318495512,
    0.012990171068906785,
    0.01267933615744114,
    0.01257574212551117,
    0.011735617876052857,
    0.011562951010465622,
    0.011660947343707085,
    0.011729739168286324,
    0.012040169122815133,
    0.011277685943245888,
    0.010777901482582092,
    0.011207092490792275,
    0.011556988683342933,
    0.011112561669945717,
    0.010458451190590858,
    0.010248139327764512,
    0.012077570289373398,
    0.011112819039821625,
    0.011476080903410912
  ],
  "val_accuracies": [
    41.49,
    51.17,
    57.97,
    60.42,
    65.71,
    63.28,
    68.45,
    67.93,
    71.65,
    69.41,
    71.69,
    72.18,
    70.55,
    71.67,
    72.08,
    73.65,
    73.86,
    74.2,
    73.54,
    74.1,
    75.35,
    76.1,
    75.31,
    74.67,
    75.59,
    77.27,
    76.81,
    73.31,
    75.21,
    75.2
  ],
  "best_accuracy": 77.27,
  "percentage": 0.5,
  "combo": "flip_rotation_color_crop"
}