{
  "train_losses": [
    1.5312016040802001,
    1.193562022819519,
    1.0474602171707152,
    0.9536850928497315,
    0.8896482714653016,
    0.8365090618133545,
    0.7859871039581299,
    0.7429411551856995,
    0.718951362915039,
    0.6722801703643799,
    0.6478209944915772,
    0.6125621710777283,
    0.5945450874900818,
    0.5762404340553283,
    0.5449285327529907,
    0.5312691147041321,
    0.5061422036552429,
    0.49269893383026125,
    0.46979408494949343,
    0.4564989822769165,
    0.4461077525138855,
    0.43076055322647094,
    0.4146978119087219,
    0.4033347836112976,
    0.3828984736251831,
    0.3789833496284485,
    0.36668869243621827,
    0.3578748803329468,
    0.3448974589061737,
    0.3405415591239929
  ],
  "val_losses": [
    0.01945529665350914,
    0.01608401139974594,
    0.014490986627340316,
    0.014188308227062225,
    0.012961134022474289,
    0.012217619162797929,
    0.012678403228521347,
    0.01177636443078518,
    0.010995046710968017,
    0.011213667035102844,
    0.011237657272815704,
    0.010594567939639091,
    0.011656123021245003,
    0.010194381606578828,
    0.01076440898478031,
    0.01021884842813015,
    0.010648690888285637,
    0.01084419388473034,
    0.011087905183434487,
    0.010871908405423165,
    0.011706488719582558,
    0.010694921696186065,
    0.010404780876636505,
    0.01032720957994461,
    0.010828243026137352,
    0.010641312682628632,
    0.010180030369758605,
    0.010595243635773658,
    0.011914442464709282,
    0.010370008718967438
  ],
  "val_accuracies": [
    55.06,
    63.15,
    67.49,
    67.67,
    70.96,
    73.0,
    72.35,
    73.58,
    75.88,
    74.57,
    75.1,
    76.73,
    74.83,
    77.34,
    76.0,
    77.3,
    77.01,
    77.01,
    76.49,
    77.45,
    75.25,
    77.35,
    78.15,
    78.52,
    77.69,
    77.85,
    78.84,
    78.36,
    76.04,
    78.99
  ],
  "best_accuracy": 78.99,
  "percentage": 0.5,
  "combo": "flip"
}