{
  "train_losses": [
    1.7230443560791016,
    1.5128403134918214,
    1.4061589974212647,
    1.3396838772583008,
    1.2768877659225464,
    1.2362991146850586,
    1.1909191853141785,
    1.1588443952178955,
    1.1329315679740906,
    1.1095216715621947,
    1.0894516998291015,
    1.0747110486984253,
    1.0563425517845153,
    1.0403759658813476,
    1.0295819193267823,
    1.0175206236839294,
    0.9978404257583618,
    0.9937250603485107,
    0.9838765999603272,
    0.9729514502716065,
    0.9631016227531433,
    0.9619471357727051,
    0.946676923789978,
    0.9362328065490723,
    0.9409572666931152,
    0.9270322246551513,
    0.9264021195220947,
    0.9237983229255676,
    0.9187809839630127,
    0.9105686206817627
  ],
  "val_losses": [
    0.02222610648870468,
    0.020764556443691254,
    0.0187066707611084,
    0.018006832951307297,
    0.017129153114557268,
    0.016445010179281235,
    0.016463355761766434,
    0.01523660020828247,
    0.015029136192798614,
    0.015325530302524567,
    0.014971314054727554,
    0.014368062949180603,
    0.014876164758205414,
    0.014253428214788437,
    0.013977011406421661,
    0.013597384372353553,
    0.013998235559463501,
    0.014128848189115525,
    0.01390836193561554,
    0.013372779470682144,
    0.013403577965497971,
    0.013027718880772591,
    0.013565522563457489,
    0.013119483733177185,
    0.013154305619001388,
    0.012861993303894996,
    0.012766718694567681,
    0.012898596355319022,
    0.012412319815158845,
    0.013320805239677429
  ],
  "val_accuracies": [
    47.71,
    51.92,
    57.18,
    58.98,
    61.0,
    63.29,
    62.66,
    65.49,
    66.54,
    64.98,
    66.65,
    67.92,
    66.43,
    68.32,
    69.08,
    69.57,
    69.07,
    68.22,
    69.32,
    70.15,
    70.01,
    70.47,
    69.67,
    70.6,
    70.65,
    71.46,
    71.74,
    71.62,
    72.46,
    71.0
  ],
  "best_accuracy": 72.46,
  "percentage": 1.0,
  "combo": "rotation_deg_90"
}