{
  "train_losses": [
    1.4009515430450439,
    1.0533841424560546,
    0.9228845706939697,
    0.8344936735534668,
    0.7751882593727112,
    0.7170111619567872,
    0.6693787676048278,
    0.6288101619529725,
    0.5892820532226563,
    0.5637161974906921,
    0.5314027793121338,
    0.503275629234314,
    0.4873764664745331,
    0.4576364372444153,
    0.439547419834137,
    0.41328377791404725,
    0.4038811145210266,
    0.3890165343093872,
    0.3758969815015793,
    0.3629020976161957,
    0.3558242388820648,
    0.3432456353378296,
    0.3407186890602112,
    0.32629794142723084,
    0.31815968625068664,
    0.3146754531097412,
    0.3089294256877899,
    0.30101690171241763,
    0.29335531337738036,
    0.2909503392148018
  ],
  "val_losses": [
    0.01630466656088829,
    0.015009349864721298,
    0.012482974529266357,
    0.013127570593357086,
    0.011873386389017105,
    0.010469808647036552,
    0.010635846242308617,
    0.010568913784623145,
    0.010032732129096986,
    0.009384573602676392,
    0.009676670077443123,
    0.009859603068232536,
    0.009251581504940987,
    0.010108613362908364,
    0.00963663621544838,
    0.010525699374079704,
    0.009797747865319253,
    0.009808737179636956,
    0.010647794580459594,
    0.010210091894865036,
    0.010086808106303215,
    0.01022138229906559,
    0.009759413030743598,
    0.01049044949710369,
    0.01112176184952259,
    0.01100099304318428,
    0.011071413633227348,
    0.010082326567173004,
    0.01112525516152382,
    0.01036056426167488
  ],
  "val_accuracies": [
    63.13,
    66.25,
    72.55,
    71.38,
    74.99,
    76.96,
    76.76,
    76.69,
    78.45,
    79.58,
    79.06,
    78.48,
    80.28,
    78.34,
    79.58,
    78.06,
    79.37,
    79.36,
    77.84,
    79.16,
    79.19,
    79.42,
    79.51,
    79.21,
    78.68,
    78.46,
    77.9,
    79.55,
    78.07,
    79.65
  ],
  "best_accuracy": 80.28,
  "percentage": 1.0,
  "combo": "color_0.2"
}