{
  "train_losses": [
    1.5448602258682251,
    1.2638048181152344,
    1.1557995364379883,
    1.073720877017975,
    1.0170905708312987,
    0.9682991263580323,
    0.9270604342460632,
    0.8993960021591186,
    0.8681987637710571,
    0.8435682300186157,
    0.82438583568573,
    0.8122276373100281,
    0.7889881864929199,
    0.7755686374282836,
    0.7593069865608215,
    0.7483376560592652,
    0.7431931826591491,
    0.7235603797149658,
    0.7200372439956665,
    0.7051570970916748,
    0.6997016980552674,
    0.691713149690628,
    0.6880693793869018,
    0.6727838457965851,
    0.6702439937973023,
    0.6674103395652771,
    0.661607152891159,
    0.6561764640426636,
    0.6523671521949768,
    0.6461995118808747
  ],
  "val_losses": [
    0.01886596539616585,
    0.01685082588791847,
    0.014958887422084809,
    0.013216823238134385,
    0.012537778729200363,
    0.012307589626312256,
    0.012445787850022316,
    0.011813160163164138,
    0.011029342839121818,
    0.011164525839686393,
    0.010967043614387512,
    0.011270618757605553,
    0.010475618401169777,
    0.010116867217421532,
    0.009988042756915092,
    0.010220645579695702,
    0.009879711329936982,
    0.01008957795202732,
    0.010703495693206787,
    0.009483816918730736,
    0.009383241364359855,
    0.009467853701114654,
    0.009181417819857597,
    0.009426057258248329,
    0.009231252884864807,
    0.009889064759016037,
    0.009402746477723121,
    0.008939697590470313,
    0.009090197163820266,
    0.009139461344480515
  ],
  "val_accuracies": [
    56.17,
    61.01,
    65.87,
    70.05,
    71.55,
    72.14,
    71.72,
    73.18,
    75.54,
    75.31,
    75.53,
    74.96,
    76.79,
    77.29,
    77.72,
    77.28,
    78.29,
    77.53,
    77.0,
    79.12,
    79.49,
    79.22,
    80.09,
    79.22,
    80.06,
    78.09,
    79.28,
    80.63,
    79.9,
    80.27
  ],
  "best_accuracy": 80.63,
  "percentage": 1.0,
  "combo": "rotation_deg_30"
}