{
  "train_losses": [
    1.3668927786254883,
    1.0085189824295044,
    0.8747098755645752,
    0.7898301621246338,
    0.7173759461593628,
    0.6625136542892456,
    0.615035050868988,
    0.5738780721187592,
    0.5346040132808685,
    0.4961275513076782,
    0.47094093732833864,
    0.43507577666282654,
    0.41029118576049806,
    0.3933443937778473,
    0.3726186372947693,
    0.3511010675430298,
    0.3386253804206848,
    0.3215176272392273,
    0.3101456539440155,
    0.2992264386844635,
    0.279001331281662,
    0.27612497683525083,
    0.27038779143333436,
    0.25443657227516175,
    0.2570463802146912,
    0.24563555003643037,
    0.24394280734062196,
    0.24064975411891937,
    0.234195817322731,
    0.22851765563726426
  ],
  "val_losses": [
    0.016317964309453963,
    0.013182567682862282,
    0.01238408345580101,
    0.011164377358555794,
    0.010894161087274552,
    0.010368838825821876,
    0.010428207758069038,
    0.009811114457249642,
    0.010219462540745735,
    0.010594423991441726,
    0.010012621608376503,
    0.010287448343634606,
    0.009463786596059799,
    0.009922440996766091,
    0.009855314788222313,
    0.009609646835923195,
    0.009987786331772804,
    0.01123428398668766,
    0.010790444722771644,
    0.010197094132006168,
    0.010591421768069268,
    0.010417880740761757,
    0.010124582988023758,
    0.011878120371699333,
    0.01051218480616808,
    0.011584428541362286,
    0.011804052823781967,
    0.011119941535592079,
    0.011044537560641766,
    0.011157724902033806
  ],
  "val_accuracies": [
    63.25,
    70.37,
    72.29,
    75.23,
    76.11,
    76.89,
    76.93,
    78.08,
    77.46,
    77.56,
    78.05,
    78.58,
    80.54,
    79.01,
    79.32,
    79.87,
    79.32,
    77.64,
    79.02,
    80.12,
    79.08,
    79.65,
    80.01,
    78.01,
    80.23,
    78.87,
    77.77,
    79.14,
    79.55,
    79.49
  ],
  "best_accuracy": 80.54,
  "percentage": 1.0,
  "combo": "none"
}