{
  "train_losses": [
    2.096970171928406,
    1.8829971269607544,
    1.8020251714706421,
    1.758870976638794,
    1.692831805038452,
    1.662948734664917,
    1.6290878778457643,
    1.6000230922698975,
    1.568571199798584,
    1.5538682762145997,
    1.5220120559692383,
    1.4916645366668702,
    1.4836794315338135,
    1.4641333713531495,
    1.452412727355957,
    1.4271636442184448,
    1.4129661651611327,
    1.4014931661605834,
    1.3789276630401612,
    1.38245244140625,
    1.3848258527755737,
    1.3607320472717286,
    1.343159130859375,
    1.327140438079834,
    1.300101142692566,
    1.294796410560608,
    1.2760032682418823,
    1.296292621231079,
    1.278056621170044,
    1.2699170860290527
  ],
  "val_losses": [
    0.029039006531238556,
    0.027689986538887025,
    0.02601024763584137,
    0.02476210787296295,
    0.024756891191005707,
    0.023709280717372893,
    0.023338823163509367,
    0.02404668529033661,
    0.02404181786775589,
    0.02222188081741333,
    0.02416279910802841,
    0.02140950788259506,
    0.021943270993232726,
    0.021989764142036437,
    0.021630198431015015,
    0.021046674156188966,
    0.021309424197673798,
    0.020619227540493012,
    0.020296170687675474,
    0.021284857976436616,
    0.01989107836484909,
    0.02037521919608116,
    0.02052720358967781,
    0.019623542898893356,
    0.02003942250609398,
    0.019448321068286895,
    0.019960200268030165,
    0.020923824977874757,
    0.019692678833007814,
    0.019536331260204313
  ],
  "val_accuracies": [
    30.9,
    34.31,
    40.2,
    42.6,
    42.62,
    46.52,
    46.19,
    44.78,
    42.8,
    47.98,
    43.93,
    50.22,
    49.87,
    49.11,
    51.02,
    52.15,
    50.43,
    52.47,
    53.65,
    50.72,
    54.04,
    52.5,
    53.65,
    54.61,
    53.71,
    55.82,
    54.46,
    52.51,
    55.36,
    55.38
  ],
  "best_accuracy": 55.82,
  "percentage": 0.1,
  "combo": "rotation_deg_90"
}