{
  "train_losses": [
    2.0619794952392576,
    1.7518004367828368,
    1.619875106048584,
    1.5431383115768433,
    1.5195824253082275,
    1.4405064380645751,
    1.3913243377685547,
    1.3401509161949157,
    1.2949079526901246,
    1.2376457167625428,
    1.2176066122055054,
    1.1687617059707642,
    1.1327816216468811,
    1.1063155385971069,
    1.0618645763397216,
    1.0599943111419678,
    1.0370972304344177,
    0.9967644973754883,
    0.9915413644790649,
    0.9764962833404541,
    0.9289654071807861,
    0.9466383038520813,
    0.9300814195632935,
    0.8986803365707398,
    0.8829614051818848,
    0.8511947425842286,
    0.8730169858932495,
    0.8532053216457367,
    0.8279250270843506,
    0.7884607402801513
  ],
  "val_losses": [
    0.028520016205310823,
    0.024237770915031435,
    0.023136014449596405,
    0.02188432902097702,
    0.021324805128574372,
    0.02072005800008774,
    0.019589519131183623,
    0.01975840224027634,
    0.018027342838048934,
    0.020562843853235244,
    0.0199321872651577,
    0.018171103340387344,
    0.01796993153691292,
    0.017178775030374526,
    0.017206239396333693,
    0.015607716238498688,
    0.015756751072406767,
    0.016524562036991118,
    0.016202420163154603,
    0.015866435080766676,
    0.0161499520778656,
    0.01654638366699219,
    0.014812004041671753,
    0.014776248228549957,
    0.015753304278850556,
    0.015004967731237412,
    0.015337639462947845,
    0.016888511103391648,
    0.014751684141159058,
    0.01653341639637947
  ],
  "val_accuracies": [
    29.08,
    40.65,
    44.84,
    48.49,
    49.13,
    51.25,
    54.74,
    53.51,
    57.61,
    52.8,
    54.12,
    57.78,
    58.92,
    60.91,
    60.85,
    64.15,
    64.33,
    61.11,
    63.96,
    64.79,
    64.35,
    63.05,
    66.84,
    66.88,
    64.53,
    66.97,
    66.4,
    63.35,
    67.29,
    64.36
  ],
  "best_accuracy": 67.29,
  "percentage": 0.1,
  "combo": "crop"
}