{
  "train_losses": [
    1.9476059324264527,
    1.5988718898773193,
    1.4580739532470703,
    1.3462697246551514,
    1.2310709770202637,
    1.1507049255371093,
    1.0855092891693114,
    1.0067755160331726,
    0.9203379482269287,
    0.9069668087005616,
    0.8312215202331543,
    0.7641759675979615,
    0.6965203859329223,
    0.6826115167617798,
    0.6256930162906646,
    0.5663572727203369,
    0.5052474446296692,
    0.45489686760902404,
    0.41261557445526126,
    0.43162614269256594,
    0.3792684531211853,
    0.34072232189178464,
    0.3361361246585846,
    0.2752429211139679,
    0.30368152990341185,
    0.27968039786815646,
    0.19801698108911514,
    0.19356314816474915,
    0.1650939867258072,
    0.1446843436717987
  ],
  "val_losses": [
    0.024489909017086028,
    0.024281271398067475,
    0.02077003036737442,
    0.019467745804786683,
    0.020147035634517668,
    0.022206286025047303,
    0.01935657799243927,
    0.018107260459661483,
    0.016668128883838652,
    0.016632640373706816,
    0.018592183160781862,
    0.01799763708114624,
    0.019838568544387817,
    0.022266182893514633,
    0.017786913305521013,
    0.01808262766599655,
    0.017586708933115005,
    0.017740249627828598,
    0.018402892112731932,
    0.01982602247595787,
    0.018568034762144088,
    0.02337772735953331,
    0.019273779702186584,
    0.01950638247728348,
    0.024383573371171953,
    0.02098008903861046,
    0.021020033955574037,
    0.021232589787244797,
    0.02129821091890335,
    0.02460378838777542
  ],
  "val_accuracies": [
    42.46,
    43.84,
    51.99,
    55.74,
    53.97,
    49.64,
    57.05,
    61.26,
    62.42,
    63.05,
    59.97,
    61.68,
    58.72,
    56.54,
    64.44,
    63.41,
    65.09,
    63.8,
    64.43,
    60.83,
    63.7,
    61.15,
    64.94,
    64.34,
    60.31,
    64.38,
    63.9,
    65.04,
    65.63,
    62.62
  ],
  "best_accuracy": 65.63,
  "percentage": 0.1,
  "combo": "color_0.2"
}