{
  "train_losses": [
    2.0539327768325806,
    1.8030476797103883,
    1.6870925157546997,
    1.6149600044250487,
    1.666958544921875,
    1.6080665000915528,
    1.5924533039093018,
    1.5218587455749513,
    1.4644403728485107,
    1.4484613636016845,
    1.3273203514099121,
    1.4477618476867675,
    1.3211626438140869,
    1.3474715623378755,
    1.3713542317390441,
    1.1984126651763916,
    1.3303317966461181,
    1.3073034622192383,
    1.2300646800994872,
    1.1854591926574707,
    1.0925867696762086,
    1.168425288772583,
    1.1608247274398804,
    1.0636446475982666,
    1.0594195650100708,
    1.1719826137542724,
    1.088582470703125,
    0.9825468669891357,
    0.9728447843551635,
    0.9940133766174316
  ],
  "val_losses": [
    0.02682747392654419,
    0.024078180718421938,
    0.022037391936779022,
    0.022970886957645417,
    0.021195994567871093,
    0.020996221673488618,
    0.0189776153922081,
    0.020318755841255188,
    0.017962782102823257,
    0.018407715475559236,
    0.017747160255908966,
    0.01838793407678604,
    0.0182996748149395,
    0.017172010719776153,
    0.017084570091962813,
    0.015569270479679107,
    0.017761636233329773,
    0.016416355097293854,
    0.015756542509794236,
    0.015880503863096238,
    0.015349550527334213,
    0.01664281956553459,
    0.015308351045846939,
    0.015287064403295516,
    0.01674404178261757,
    0.0159468918800354,
    0.018609935790300368,
    0.016739690059423447,
    0.01886331861615181,
    0.0169916367828846
  ],
  "val_accuracies": [
    39.22,
    43.92,
    49.42,
    48.99,
    51.24,
    52.47,
    56.29,
    56.29,
    59.69,
    58.41,
    60.41,
    57.62,
    58.83,
    61.29,
    61.57,
    64.61,
    62.63,
    63.9,
    65.61,
    65.05,
    65.74,
    62.48,
    66.0,
    66.15,
    63.85,
    64.71,
    60.15,
    62.83,
    59.86,
    63.38
  ],
  "best_accuracy": 66.15,
  "percentage": 0.1,
  "combo": "none_cutmix"
}