{
  "train_losses": [
    1.7260642098617553,
    1.4179382457733154,
    1.294719651107788,
    1.2056592218780517,
    1.1278783114242554,
    1.067762564163208,
    1.0260411431884766,
    0.9815609746551514,
    0.943322816696167,
    0.8899708795166016,
    0.8647657817077636,
    0.8407146697616578,
    0.7922801836395263,
    0.7784919491004944,
    0.7473261162757874,
    0.7271436489486695,
    0.6967190460014343,
    0.6784577268981934,
    0.6589417599487305,
    0.6303882223892212,
    0.6164559800910949,
    0.6055761289978028,
    0.5853972704696655,
    0.5638237902259826,
    0.5416116298484802,
    0.5372497582054138,
    0.517463393573761,
    0.5058267122077942,
    0.4993347320175171,
    0.4778552861881256
  ],
  "val_losses": [
    0.022519445645809173,
    0.020716541945934294,
    0.018202099668979645,
    0.016990126222372056,
    0.015889813995361327,
    0.015756963670253754,
    0.014777764868736267,
    0.014972585320472718,
    0.014214293539524078,
    0.014537970668077469,
    0.01423091143965721,
    0.013388242620229722,
    0.013149973091483117,
    0.012568673133850098,
    0.012901916962862015,
    0.01296589403450489,
    0.012982208561897277,
    0.014026843056082726,
    0.012729684859514236,
    0.01236336797773838,
    0.012227320969104767,
    0.012957792919874192,
    0.012431978818774224,
    0.01275887231528759,
    0.012507497337460517,
    0.01262250710427761,
    0.012842741462588311,
    0.012898199966549874,
    0.012966872265934945,
    0.01228848601281643
  ],
  "val_accuracies": [
    45.97,
    50.99,
    58.05,
    60.75,
    63.76,
    64.22,
    65.98,
    66.41,
    68.49,
    67.47,
    68.34,
    70.39,
    71.27,
    72.75,
    71.97,
    71.93,
    72.07,
    69.89,
    73.0,
    73.58,
    73.99,
    72.81,
    73.98,
    72.68,
    74.35,
    73.69,
    73.7,
    73.68,
    74.09,
    74.52
  ],
  "best_accuracy": 74.52,
  "percentage": 0.25,
  "combo": "rotation_deg_15"
}