{
  "train_losses": [
    1.7748396474838257,
    1.4067567595672608,
    1.2277273957824708,
    1.1236446057891847,
    1.0436688262939453,
    0.9768128927612305,
    0.8987539227104187,
    0.8525939022636414,
    0.8055719840621949,
    0.771008034992218,
    0.6921506490707398,
    0.6434717578506469,
    0.6133868750667572,
    0.5769922089195252,
    0.5283245433235169,
    0.495326739692688,
    0.45622849908828733,
    0.4110125692749023,
    0.4122378001594543,
    0.3594094925689697,
    0.33795669387817384,
    0.3245731221866608,
    0.30859455426216126,
    0.2744600242900848,
    0.25278496467590333,
    0.255174840426445,
    0.21490138401985168,
    0.20877982775688173,
    0.20667939566612242,
    0.19865159534931182
  ],
  "val_losses": [
    0.02174144011735916,
    0.020898397529125215,
    0.01755483591556549,
    0.01917484366297722,
    0.01554934619665146,
    0.01504322971701622,
    0.014984749454259873,
    0.014249976295232773,
    0.014614861053228378,
    0.015067262470722199,
    0.012811987659335137,
    0.013884899014234543,
    0.014919116109609604,
    0.01427144523859024,
    0.014616996788978577,
    0.015516189140081406,
    0.013274657610058785,
    0.013870475554466247,
    0.014750465255975724,
    0.014586840230226517,
    0.015331177335977554,
    0.015398455345630646,
    0.015164382648468018,
    0.01943285364508629,
    0.016671298533678054,
    0.016919192653894424,
    0.016544367623329163,
    0.01618328359723091,
    0.016865284365415574,
    0.020695636612176896
  ],
  "val_accuracies": [
    49.34,
    52.06,
    61.62,
    58.41,
    64.36,
    66.77,
    66.35,
    68.09,
    68.51,
    68.23,
    71.4,
    69.49,
    68.24,
    69.84,
    69.69,
    69.77,
    72.73,
    72.65,
    70.39,
    71.49,
    71.36,
    71.14,
    71.59,
    67.23,
    71.23,
    71.44,
    71.66,
    71.74,
    72.05,
    67.12
  ],
  "best_accuracy": 72.73,
  "percentage": 0.25,
  "combo": "color_0.3"
}