{
  "train_losses": [
    1.8271082975006103,
    1.5461118857955933,
    1.4066939146804809,
    1.314520756187439,
    1.2458562523269654,
    1.1904481735992432,
    1.1252092024993896,
    1.0947778470230103,
    1.0498991273117066,
    1.0283018844985963,
    0.9924989699172974,
    0.9442512174987793,
    0.933497241077423,
    0.9114669091987609,
    0.8913829250907898,
    0.8613870330047607,
    0.8437651642227173,
    0.828568490562439,
    0.805805698223114,
    0.7949992132759094,
    0.774810269393921,
    0.7743080119132996,
    0.7531156572341919,
    0.7239812174224853,
    0.7084758671951294,
    0.7005948202133179,
    0.6900098316192627,
    0.6727164426040649,
    0.6614048568153381,
    0.6447499732971191
  ],
  "val_losses": [
    0.02305969421863556,
    0.021371875607967376,
    0.019288549643754958,
    0.01921181990504265,
    0.018785486418008805,
    0.016839912980794906,
    0.018873755633831025,
    0.016176770186424255,
    0.014627793127298356,
    0.01562015855908394,
    0.015330932348966599,
    0.01470010997056961,
    0.014412870544195175,
    0.013768423539400101,
    0.01478547604084015,
    0.016567568707466125,
    0.01418545823097229,
    0.013350969141721725,
    0.012569192409515382,
    0.013293056467175483,
    0.012333134785294533,
    0.011907137513160705,
    0.01265252131819725,
    0.012154491901397705,
    0.012152506291866302,
    0.012557145756483078,
    0.011737665727734565,
    0.012108425733447075,
    0.011958431196212769,
    0.012102100029587746
  ],
  "val_accuracies": [
    45.32,
    51.0,
    55.06,
    56.68,
    57.63,
    62.1,
    58.32,
    62.77,
    66.71,
    64.95,
    65.19,
    66.38,
    68.32,
    69.1,
    66.02,
    63.44,
    68.15,
    70.36,
    72.36,
    71.13,
    73.38,
    74.09,
    72.75,
    73.69,
    73.75,
    73.03,
    74.14,
    74.25,
    74.86,
    73.88
  ],
  "best_accuracy": 74.86,
  "percentage": 0.25,
  "combo": "crop"
}