{
  "train_losses": [
    1.6850976180267334,
    1.328170242881775,
    1.1618396373748778,
    1.0410890078353883,
    0.9465954629707336,
    0.8834565298461914,
    0.8169757313919067,
    0.7510964651489258,
    0.6951977225112915,
    0.6409220060539246,
    0.6027993934726715,
    0.5441595916461944,
    0.4922174640274048,
    0.4577439921569824,
    0.41736395546913146,
    0.37971567567825315,
    0.3469608577156067,
    0.3092624535179138,
    0.27733208183288577,
    0.2581491087436676,
    0.2369869588279724,
    0.2095761032629013,
    0.17593399662971496,
    0.18287272852897643,
    0.18210083470344543,
    0.14752108575582504,
    0.15819635234594345,
    0.14957876519918442,
    0.14083832551002504,
    0.13877988213062287
  ],
  "val_losses": [
    0.021061478245258333,
    0.01889516857266426,
    0.01786386216878891,
    0.018320558190345764,
    0.01592009181380272,
    0.015383367073535919,
    0.015027628642320634,
    0.015104690408706664,
    0.014553793585300446,
    0.014082643833756446,
    0.01581646574139595,
    0.013997464245557785,
    0.015278101706504822,
    0.014753111484646798,
    0.015109014868736267,
    0.015745188498497008,
    0.015063001400232316,
    0.016818851178884507,
    0.016453301054239273,
    0.017242850852012635,
    0.01693253646492958,
    0.016180210602283477,
    0.01931335807442665,
    0.0174321203827858,
    0.017541351050138473,
    0.019110455995798113,
    0.019822731572389604,
    0.019820612132549285,
    0.024320907050371172,
    0.018779177314043046
  ],
  "val_accuracies": [
    51.14,
    56.16,
    58.81,
    59.75,
    64.55,
    65.59,
    66.64,
    67.13,
    69.18,
    69.4,
    66.92,
    70.43,
    69.67,
    70.69,
    69.88,
    68.9,
    71.32,
    69.1,
    70.78,
    70.62,
    70.27,
    71.13,
    69.19,
    70.9,
    70.93,
    70.21,
    69.15,
    70.08,
    65.55,
    71.49
  ],
  "best_accuracy": 71.49,
  "percentage": 0.25,
  "combo": "none"
}