{
  "train_losses": [
    1.6514254904556274,
    1.355686713218689,
    1.1797846926879882,
    1.081609266014099,
    1.0016323154449462,
    0.9567366703033447,
    0.8971249960327149,
    0.8476453860664368,
    0.8142191427993775,
    0.767675850982666,
    0.7336753936386108,
    0.7039195175647736,
    0.6707807005691528,
    0.6482425024223327,
    0.623631912574768,
    0.6040296761417389,
    0.5668318639755249,
    0.5472163052749633,
    0.5288106143379211,
    0.4992717193508148,
    0.49209766759872436,
    0.46871489442825315,
    0.44937876716613767,
    0.4253459693527222,
    0.398319207239151,
    0.3854650043296814,
    0.37582287034988404,
    0.35283157572746277,
    0.33757406658172606,
    0.3422164379501343
  ],
  "val_losses": [
    0.022068333411216737,
    0.01918885451555252,
    0.018416394603252412,
    0.017013365417718886,
    0.014827252912521363,
    0.014401975125074386,
    0.013876713621616363,
    0.014857732433080674,
    0.014205547666549682,
    0.01381596804857254,
    0.01349053601026535,
    0.014126580089330673,
    0.013196676176786423,
    0.013233747947216034,
    0.012650038370490075,
    0.012119021463394166,
    0.012637281078100205,
    0.013169804087281228,
    0.01155111040174961,
    0.011946114075183869,
    0.012665878522396088,
    0.012994255599379539,
    0.012279907423257828,
    0.012633633893728256,
    0.012372642651200295,
    0.017036014062166215,
    0.012521438947319984,
    0.013721688911318778,
    0.014102081960439682,
    0.013680301442742347
  ],
  "val_accuracies": [
    49.12,
    55.48,
    57.51,
    61.85,
    67.37,
    67.55,
    68.88,
    66.94,
    68.79,
    69.2,
    70.86,
    69.91,
    71.36,
    70.92,
    72.19,
    73.63,
    73.4,
    72.19,
    74.96,
    74.05,
    73.4,
    72.82,
    74.96,
    74.03,
    75.01,
    68.47,
    74.58,
    72.86,
    73.67,
    73.67
  ],
  "best_accuracy": 75.01,
  "percentage": 0.25,
  "combo": "flip"
}