{
  "train_losses": [
    1.5353397076797486,
    1.1655995401763917,
    1.0072908153152467,
    0.9204181902313232,
    0.8291118991851807,
    0.7620687091255188,
    0.7041845992660523,
    0.6559631454086303,
    0.6031010089969635,
    0.5589661877632142,
    0.523696504650116,
    0.4839910169219971,
    0.44075446886062625,
    0.40574321732521057,
    0.374899215593338,
    0.34287803084373475,
    0.30912123100280764,
    0.2918574885559082,
    0.27096291015625,
    0.26609352801799774,
    0.23343414339065552,
    0.23040712374687194,
    0.2166868813800812,
    0.20332790403366088,
    0.19909016570091248,
    0.1941750472545624,
    0.17842531635284423,
    0.17337293021678923,
    0.17982768809080124,
    0.16876512099266053
  ],
  "val_losses": [
    0.01984688662290573,
    0.016569086176157,
    0.017502460461854934,
    0.01416085753440857,
    0.013715364509820938,
    0.013422396376729012,
    0.01305180755853653,
    0.013941462472081185,
    0.012403103652596474,
    0.011929674690961838,
    0.011640676966309547,
    0.011744672849774361,
    0.012343545988202096,
    0.011256862691044808,
    0.01151138786971569,
    0.011993259710073471,
    0.012165749004483223,
    0.012004462704062462,
    0.013147627303004264,
    0.013841681692004204,
    0.013609179306030273,
    0.013365176743268967,
    0.013869500595331192,
    0.013743644616007805,
    0.016926304084062576,
    0.014357579717040062,
    0.01431713424026966,
    0.014258257442712783,
    0.015678746947646142,
    0.015163349097967148
  ],
  "val_accuracies": [
    53.38,
    62.13,
    61.91,
    67.87,
    70.04,
    70.45,
    71.39,
    70.37,
    71.97,
    73.59,
    75.17,
    75.04,
    74.36,
    76.47,
    75.94,
    75.82,
    75.65,
    76.07,
    75.53,
    74.24,
    75.19,
    75.61,
    74.96,
    75.08,
    72.94,
    74.58,
    75.53,
    75.52,
    74.88,
    73.6
  ],
  "best_accuracy": 76.47,
  "percentage": 0.5,
  "combo": "none"
}