{
  "train_losses": [
    1.6342325839614869,
    1.277615238609314,
    1.1238474238204956,
    1.012860878982544,
    0.9346888389968873,
    0.8750483296966552,
    0.8092996906089782,
    0.766572053565979,
    0.7176636491394043,
    0.6762028982925415,
    0.6387556637191772,
    0.5991393369293213,
    0.5609525380325318,
    0.5318172406387329,
    0.4957395937728882,
    0.47109586693763733,
    0.44314001989364626,
    0.4241147713851929,
    0.4055832170677185,
    0.38614755483627317,
    0.35633104291915896,
    0.33336117690086364,
    0.3270532780456543,
    0.3086652615070343,
    0.2985840301799774,
    0.2876014668560028,
    0.26796249415397644,
    0.2680564273166656,
    0.26100328119277955,
    0.25078896550178525
  ],
  "val_losses": [
    0.019806376910209655,
    0.016802480965852736,
    0.015357350438833236,
    0.014424372494220733,
    0.014049538999795913,
    0.012507252663373948,
    0.013949632588028909,
    0.01201470223069191,
    0.011918540105223656,
    0.013464881062507629,
    0.011709490647912026,
    0.011440832203626633,
    0.012085028609633446,
    0.01216818960905075,
    0.012637233072519303,
    0.011981013575196266,
    0.011833166235685349,
    0.011467574048042297,
    0.012593572637438774,
    0.014098215872049331,
    0.012761805307865142,
    0.013556868118047714,
    0.012505504608154297,
    0.012493821668624878,
    0.013139029470086099,
    0.013470753160119057,
    0.013981527554988861,
    0.014486224928498269,
    0.014453640249371529,
    0.013837160030007362
  ],
  "val_accuracies": [
    54.71,
    62.58,
    65.68,
    66.97,
    68.94,
    72.28,
    68.75,
    73.27,
    73.43,
    71.33,
    74.75,
    75.61,
    74.3,
    73.77,
    73.99,
    75.03,
    76.37,
    77.35,
    74.5,
    73.42,
    74.92,
    74.56,
    75.51,
    76.47,
    75.84,
    74.62,
    75.53,
    74.59,
    74.4,
    74.86
  ],
  "best_accuracy": 77.35,
  "percentage": 0.5,
  "combo": "color_0.3"
}