{
  "train_losses": [
    1.6541397122573853,
    1.3970932904052735,
    1.286556117477417,
    1.1997743699645995,
    1.133600266571045,
    1.0785548105239868,
    1.0388769438552856,
    1.0026554356002808,
    0.9660281434440613,
    0.9390161896896362,
    0.9093738891220092,
    0.8932866558837891,
    0.865195139503479,
    0.84812857837677,
    0.8217661498641968,
    0.8156263578033447,
    0.7923253155326844,
    0.7794165331459045,
    0.7567248276519776,
    0.744820248451233,
    0.7425809747314454,
    0.717066072807312,
    0.7108301531982422,
    0.6992300716781616,
    0.6926092879676818,
    0.6869985005569458,
    0.6735364895248414,
    0.6610411432456971,
    0.6516140881252289,
    0.6487603295230866
  ],
  "val_losses": [
    0.020984515392780304,
    0.01951246463060379,
    0.017165080046653746,
    0.01719340146780014,
    0.015414367419481278,
    0.014683349323272706,
    0.014110978722572326,
    0.01331268934905529,
    0.012834888398647309,
    0.012999067708849907,
    0.01283009449839592,
    0.012615408518910408,
    0.012114381575584412,
    0.01158426752090454,
    0.012029205098748207,
    0.011375802779197693,
    0.0120511598020792,
    0.011699271994829178,
    0.01106354900598526,
    0.011388791796565056,
    0.010699443724751472,
    0.01127308514714241,
    0.012089057996869088,
    0.010719302150607108,
    0.010590499207377434,
    0.010980222070217132,
    0.010465058280527592,
    0.010592185094952583,
    0.010450690129399299,
    0.010518865549564362
  ],
  "val_accuracies": [
    50.33,
    54.52,
    60.94,
    62.06,
    64.84,
    67.07,
    68.17,
    70.49,
    71.36,
    70.55,
    71.81,
    72.08,
    73.04,
    74.29,
    73.19,
    74.67,
    73.73,
    74.11,
    75.51,
    75.3,
    76.52,
    75.25,
    73.83,
    76.79,
    77.02,
    76.23,
    77.06,
    77.58,
    77.89,
    77.34
  ],
  "best_accuracy": 77.89,
  "percentage": 0.5,
  "combo": "rotation_deg_30"
}