{
  "train_losses": [
    1.6052686039352417,
    1.2995605236053467,
    1.1619393798828126,
    1.071138526611328,
    1.0007081090545655,
    0.9436892468643189,
    0.8975987551498413,
    0.8611619832992554,
    0.8355638166046142,
    0.7940221146774292,
    0.7595302089309692,
    0.7461277902984619,
    0.7163391330337524,
    0.6938130756568909,
    0.6787759259796142,
    0.6505668386268616,
    0.6304613475990295,
    0.6131064363861084,
    0.6031079022598267,
    0.5824548171138764,
    0.5688624505233765,
    0.554192845993042,
    0.5447428644180298,
    0.5321934956741333,
    0.5165478109741211,
    0.5129562410354614,
    0.501358784866333,
    0.48746341926574704,
    0.4815409673976898,
    0.4717031390762329
  ],
  "val_losses": [
    0.020546534252166748,
    0.017275680696964262,
    0.015548024547100067,
    0.014615698474645614,
    0.014265717792510986,
    0.013058329117298127,
    0.012779598701000214,
    0.011974698701500893,
    0.01229495193362236,
    0.011726938837766647,
    0.011543385708332061,
    0.011157885652780532,
    0.011778636825084687,
    0.010896528565883636,
    0.01053446525335312,
    0.010847930550575256,
    0.012358846455812453,
    0.01050985592007637,
    0.010623744186758995,
    0.010545846238732339,
    0.010469682157039643,
    0.010664075618982315,
    0.010894407764077187,
    0.010389931619167328,
    0.010150963932275773,
    0.010346358686685563,
    0.010298071905970574,
    0.01043518362045288,
    0.010302345241606236,
    0.01063668937087059
  ],
  "val_accuracies": [
    52.68,
    59.6,
    64.47,
    67.33,
    68.42,
    70.57,
    71.09,
    73.41,
    72.48,
    73.77,
    74.42,
    75.13,
    74.55,
    75.79,
    76.92,
    75.87,
    74.22,
    77.14,
    76.58,
    77.11,
    77.28,
    77.06,
    76.96,
    78.21,
    77.9,
    78.02,
    77.98,
    77.95,
    78.23,
    77.83
  ],
  "best_accuracy": 78.23,
  "percentage": 0.5,
  "combo": "rotation_deg_15"
}