{
  "train_losses": [
    1.8416258121109008,
    1.6139319194030761,
    1.538229262123108,
    1.4816665384292602,
    1.4224013094329835,
    1.389171393890381,
    1.3472172998809815,
    1.326125326461792,
    1.2831213653182982,
    1.258211090927124,
    1.2389575803375243,
    1.2246303979873656,
    1.187357635307312,
    1.186373745613098,
    1.1544647248840332,
    1.1425870918273926,
    1.1260005291366577,
    1.120041823196411,
    1.1023309204483032,
    1.0874295697784424,
    1.085034950942993,
    1.071903344116211,
    1.062647205810547,
    1.0417930270767213,
    1.0393837014770508,
    1.030260350379944,
    1.022771261024475,
    1.0196733002471925,
    0.9991037755203247,
    0.9984799613189698
  ],
  "val_losses": [
    0.024236822199821473,
    0.023348172461986543,
    0.02136360024213791,
    0.020547241079807283,
    0.02017341700196266,
    0.019787507730722426,
    0.018569495415687563,
    0.01835734724998474,
    0.0177817971765995,
    0.017674306666851044,
    0.01769704090952873,
    0.017040267914533617,
    0.01647470885515213,
    0.01616634932756424,
    0.016102320712804794,
    0.015406286191940307,
    0.01585241641998291,
    0.015384972023963928,
    0.016023901224136352,
    0.01564583618044853,
    0.014709383642673492,
    0.015206104201078414,
    0.01484809113740921,
    0.014789615142345428,
    0.014555179363489152,
    0.014490122997760773,
    0.014695405399799346,
    0.014775028932094574,
    0.01428432525396347,
    0.014224319571256638
  ],
  "val_accuracies": [
    44.52,
    44.72,
    49.7,
    53.2,
    53.36,
    54.48,
    56.96,
    58.16,
    60.16,
    60.95,
    60.15,
    61.68,
    63.05,
    64.48,
    63.33,
    66.12,
    64.78,
    65.49,
    64.34,
    65.56,
    66.88,
    66.5,
    67.26,
    66.17,
    67.06,
    68.24,
    67.2,
    67.49,
    68.73,
    68.64
  ],
  "best_accuracy": 68.73,
  "percentage": 0.5,
  "combo": "rotation_deg_90"
}