{
  "train_losses": [
    1.8085310247421265,
    1.5953832727813722,
    1.4941119678878785,
    1.4102869384384156,
    1.3529814672470093,
    1.2940400461959838,
    1.2861611487579345,
    1.2377179986190796,
    1.1964588385391235,
    1.1990157299804687,
    1.140193497543335,
    1.1770148107528686,
    1.0758523456382751,
    1.0530668423080445,
    1.096479671421051,
    1.0399713266944886,
    1.048437928352356,
    1.0340275355911255,
    1.0169704765319825,
    0.9541691498184204,
    1.0058668380355835,
    0.947913384590149,
    0.9034923172950745,
    0.9496098714828491,
    0.911924582862854,
    0.9306887649536133,
    0.8746532922363282,
    0.866083477973938,
    0.8906420721435547,
    0.8457744469833374
  ],
  "val_losses": [
    0.021663993525505066,
    0.01762990830540657,
    0.016024139565229415,
    0.01543962396979332,
    0.014684794229269028,
    0.013314911437034607,
    0.013891164028644562,
    0.012750451683998108,
    0.011712077391147614,
    0.013021577608585357,
    0.013392734396457672,
    0.012066539734601974,
    0.01134845449924469,
    0.011437716582417488,
    0.010938247936964036,
    0.011651142811775208,
    0.012253904384374618,
    0.011297255274653435,
    0.011168088549375534,
    0.011578551554679871,
    0.01088786011338234,
    0.011583659708499908,
    0.010492456650733948,
    0.010665577107667922,
    0.010775261983275414,
    0.011337613886594773,
    0.011078521358966828,
    0.010560583084821702,
    0.010481447833776475,
    0.01063778113424778
  ],
  "val_accuracies": [
    50.77,
    59.38,
    64.26,
    64.88,
    67.7,
    70.64,
    69.43,
    73.16,
    74.56,
    73.1,
    72.74,
    75.29,
    75.63,
    75.99,
    76.19,
    75.09,
    72.86,
    76.15,
    76.06,
    75.62,
    76.81,
    76.02,
    77.87,
    77.62,
    76.48,
    75.39,
    76.4,
    77.39,
    77.5,
    77.25
  ],
  "best_accuracy": 77.87,
  "percentage": 0.5,
  "combo": "none_cutmix"
}