{
  "train_losses": [
    1.971335060119629,
    1.674609722518921,
    1.5434477222442626,
    1.4517931026458741,
    1.3463716770172118,
    1.2841995002746582,
    1.2169580657958985,
    1.1612075880050658,
    1.128004026031494,
    1.0633108684539796,
    1.0147274508476258,
    0.99076713180542,
    0.9353667993545532,
    0.9233447946548462,
    0.8739092247009277,
    0.8738797222137451,
    0.8565993118286133,
    0.7867893029212951,
    0.7737773666381836,
    0.7509457525253296,
    0.6969136270046234,
    0.6803161118030548,
    0.6639097145080567,
    0.6574680004119873,
    0.6313625433921813,
    0.592411287689209,
    0.6073500869750976,
    0.5734832210540771,
    0.5576749696731568,
    0.5861583801269531
  ],
  "val_losses": [
    0.02659838320016861,
    0.02313335964679718,
    0.022102154338359832,
    0.020459342336654664,
    0.02122216250896454,
    0.018369231277704238,
    0.019808799576759337,
    0.017489280700683594,
    0.01645822052359581,
    0.017111602103710176,
    0.01745968246459961,
    0.017318801528215407,
    0.016164141404628754,
    0.016898974394798278,
    0.017352153396606444,
    0.015861492872238158,
    0.01580391606092453,
    0.01505333885550499,
    0.015017677921056747,
    0.014355305302143097,
    0.014824576306343078,
    0.019641674894094466,
    0.01681778612136841,
    0.014930332919955254,
    0.0154938227891922,
    0.017354568296670914,
    0.01606821932196617,
    0.01677511779665947,
    0.01845987179875374,
    0.015344842278957367
  ],
  "val_accuracies": [
    36.37,
    45.98,
    47.76,
    52.88,
    51.62,
    57.92,
    54.41,
    60.38,
    62.55,
    61.99,
    61.56,
    60.63,
    64.25,
    61.63,
    63.11,
    64.34,
    64.94,
    67.75,
    67.1,
    68.61,
    67.81,
    60.67,
    65.08,
    68.45,
    67.94,
    64.99,
    68.14,
    67.06,
    64.43,
    68.78
  ],
  "best_accuracy": 68.78,
  "percentage": 0.1,
  "combo": "flip_color"
}