{
  "train_losses": [
    2.0094810482025145,
    1.7253736770629884,
    1.61185583152771,
    1.52206893157959,
    1.4583792053222657,
    1.403025258255005,
    1.3412909492492675,
    1.282311828994751,
    1.2531119117736815,
    1.2303027375221252,
    1.1495637174606324,
    1.1459026754379273,
    1.1002675785064697,
    1.0894867849349976,
    1.0578674619674682,
    1.0265950616836548,
    0.9968915596961975,
    0.9757139511108398,
    0.9421444724082947,
    0.9062277570724487,
    0.899459433555603,
    0.8646399782180786,
    0.8420681476593017,
    0.8505588790893555,
    0.833441227722168,
    0.7884000659942627,
    0.7674294010162354,
    0.7397977905273437,
    0.7377641874313354,
    0.7101132713317871
  ],
  "val_losses": [
    0.02515950508117676,
    0.023839969992637634,
    0.02264382709264755,
    0.02238316251039505,
    0.02081654050350189,
    0.019918899512290953,
    0.018728592711687087,
    0.018931752133369447,
    0.019018452435731886,
    0.01742097117304802,
    0.01761383222937584,
    0.018826135355234145,
    0.018118893164396285,
    0.016936266887187957,
    0.016693757539987565,
    0.016973003286123275,
    0.01607045999765396,
    0.01703357445001602,
    0.019335285872220994,
    0.015779939937591553,
    0.01630760694742203,
    0.015551816976070405,
    0.016582370787858965,
    0.016374378424882888,
    0.015981847900152207,
    0.015757125717401503,
    0.015577886235713958,
    0.015132892274856567,
    0.015673167622089385,
    0.01865065832734108
  ],
  "val_accuracies": [
    41.77,
    43.96,
    47.19,
    47.8,
    51.2,
    53.49,
    56.39,
    56.66,
    55.86,
    60.36,
    59.87,
    57.48,
    58.75,
    61.53,
    61.74,
    61.61,
    64.07,
    62.52,
    59.31,
    65.02,
    63.89,
    64.99,
    63.98,
    64.82,
    64.74,
    66.26,
    66.3,
    66.95,
    67.61,
    62.73
  ],
  "best_accuracy": 67.61,
  "percentage": 0.1,
  "combo": "rotation_color"
}