{
  "train_losses": [
    1.8794392246246339,
    1.5188765420913697,
    1.3538647874832153,
    1.244577438354492,
    1.1491449485778809,
    1.064154169178009,
    0.9720685976028443,
    0.9024179077625275,
    0.8158676448822022,
    0.7650624914169312,
    0.7183844660758972,
    0.613926780128479,
    0.5722589750289917,
    0.519828456401825,
    0.4551966817855835,
    0.5109281151771545,
    0.41402628211975095,
    0.3227642240524292,
    0.3965719648361206,
    0.2761842891216278,
    0.25516542897224426,
    0.32195267300605773,
    0.20308878285884857,
    0.18836269776821135,
    0.13262057106494904,
    0.17931870181560516,
    0.13451954102516175,
    0.13447228789925575,
    0.11404982470273972,
    0.10531333703994751
  ],
  "val_losses": [
    0.02438795336484909,
    0.022371836066246032,
    0.02022262284755707,
    0.02153079138994217,
    0.019650473290681838,
    0.019943884146213533,
    0.01866158449649811,
    0.019008181989192963,
    0.01775388212800026,
    0.02056658344864845,
    0.016739796310663222,
    0.025175493204593658,
    0.01804863731265068,
    0.01813052379488945,
    0.0237973380446434,
    0.01763338122367859,
    0.01893580448627472,
    0.02269297604560852,
    0.02067759668827057,
    0.01996105087995529,
    0.024111664485931397,
    0.019679786866903304,
    0.019591884231567384,
    0.021684390383958817,
    0.022377734661102294,
    0.021263640934228896,
    0.022056051129102708,
    0.02107599775195122,
    0.024017889493703842,
    0.024608848190307616
  ],
  "val_accuracies": [
    42.87,
    48.48,
    53.74,
    49.25,
    54.98,
    55.5,
    58.09,
    58.84,
    60.61,
    57.85,
    63.19,
    54.61,
    63.66,
    63.89,
    56.59,
    65.75,
    64.07,
    59.87,
    62.88,
    65.87,
    60.89,
    64.85,
    66.12,
    63.26,
    65.38,
    65.05,
    65.84,
    65.89,
    65.0,
    62.83
  ],
  "best_accuracy": 66.12,
  "percentage": 0.1,
  "combo": "none"
}