{
  "train_losses": [
    2.158586835861206,
    1.9201252067565917,
    1.7958031032562256,
    1.749956215286255,
    1.7356920288085937,
    1.7351545608520509,
    1.671299486351013,
    1.6116806289672851,
    1.5571654880523682,
    1.5667089470863342,
    1.5369832553863525,
    1.5395127090454102,
    1.4288966278076172,
    1.5217475708007813,
    1.4923989135742188,
    1.3710699039459229,
    1.452649988555908,
    1.3844068061828614,
    1.4003919162750245,
    1.3848252376556396,
    1.3052208236694336,
    1.2910059326171874,
    1.254042095184326,
    1.327334620666504,
    1.2186824273109436,
    1.3112498283386231,
    1.213299837875366,
    1.0856888534545899,
    1.14039934425354,
    1.0904291103363037
  ],
  "val_losses": [
    0.028320910215377807,
    0.025454439270496367,
    0.023698209011554717,
    0.022776528990268708,
    0.021611441957950592,
    0.021395021224021912,
    0.02098330407142639,
    0.021540509474277495,
    0.01925514543056488,
    0.01836529846191406,
    0.01902827628850937,
    0.017641086268424987,
    0.019279829841852187,
    0.017988832622766494,
    0.017101483744382858,
    0.016690176826715468,
    0.01844752371311188,
    0.016650911039113998,
    0.01616359333395958,
    0.018972641187906265,
    0.015719718456268312,
    0.02014483920931816,
    0.017169726526737213,
    0.016360681223869324,
    0.016503168827295304,
    0.015625515216588975,
    0.016833543479442596,
    0.017653631442785263,
    0.015265859133005143,
    0.01766605658531189
  ],
  "val_accuracies": [
    32.77,
    42.77,
    46.14,
    46.91,
    50.61,
    51.63,
    51.24,
    51.12,
    56.09,
    59.15,
    58.4,
    60.68,
    58.39,
    60.18,
    61.23,
    63.4,
    61.73,
    62.46,
    64.39,
    59.43,
    64.71,
    56.94,
    60.72,
    66.37,
    63.45,
    64.9,
    64.36,
    60.38,
    66.1,
    60.36
  ],
  "best_accuracy": 66.37,
  "percentage": 0.1,
  "combo": "color_0.3_cutmix"
}