{
  "train_losses": [
    1.9962143840789794,
    1.6463219707489014,
    1.5397105545043945,
    1.4718475738525392,
    1.4165438959121703,
    1.3388742298126222,
    1.2825432512283326,
    1.2505684364318848,
    1.206337107181549,
    1.1591989189147949,
    1.1485394159317017,
    1.135129997253418,
    1.0917112180709838,
    1.0830733165740967,
    1.0602284923553467,
    0.9979578929901123,
    0.9866363052368164,
    0.9512176670074463,
    0.9301182359695435,
    0.9191420779228211,
    0.8889461250305176,
    0.8914515140533448,
    0.8723088926315308,
    0.8404354419708252,
    0.8150198900222778,
    0.8317854723930359,
    0.7898891753196716,
    0.7794925533294678,
    0.7803999456405639,
    0.7559169964313507
  ],
  "val_losses": [
    0.025840677511692046,
    0.022997565865516663,
    0.023574470806121826,
    0.022123800468444824,
    0.0207707998752594,
    0.01962311438322067,
    0.019425166779756545,
    0.01854234141111374,
    0.018761514925956724,
    0.019130273574590684,
    0.018000051349401473,
    0.01926574800014496,
    0.017254547607898713,
    0.017015326595306395,
    0.016532706558704376,
    0.016125615423917772,
    0.01830239670276642,
    0.015250179612636566,
    0.015652418184280394,
    0.01659936245083809,
    0.016275064724683763,
    0.015419493675231934,
    0.015571584314107895,
    0.014974765896797181,
    0.016854845774173736,
    0.015051276981830597,
    0.015560114359855652,
    0.016364079135656358,
    0.015687265193462373,
    0.015430802217125892
  ],
  "val_accuracies": [
    38.96,
    46.67,
    44.36,
    49.24,
    51.03,
    56.17,
    54.38,
    57.28,
    57.61,
    54.85,
    58.36,
    57.29,
    61.07,
    61.57,
    62.4,
    62.88,
    59.36,
    65.73,
    64.88,
    63.08,
    63.97,
    66.34,
    65.68,
    66.69,
    64.09,
    66.69,
    66.33,
    64.54,
    66.86,
    67.15
  ],
  "best_accuracy": 67.15,
  "percentage": 0.1,
  "combo": "flip_rotation"
}