{
  "train_losses": [
    2.1193359272003174,
    1.8585816123962402,
    1.7582493755340576,
    1.7122285354614257,
    1.7115845748901368,
    1.664194785308838,
    1.65201544380188,
    1.641319708251953,
    1.581183149909973,
    1.5543406805992126,
    1.5271320960998536,
    1.5562221212387084,
    1.4722545022964477,
    1.5562247339248658,
    1.4651324445724487,
    1.3896901844024658,
    1.4509987218856812,
    1.4211214984893799,
    1.4633724327087403,
    1.4176283977508546,
    1.3335013132095337,
    1.3462700674057007,
    1.3132183110237121,
    1.3808487754821777,
    1.3389527671813966,
    1.376416450881958,
    1.345984021949768,
    1.2690604384422302,
    1.2419068313598634,
    1.2207024662017822
  ],
  "val_losses": [
    0.028550423538684845,
    0.02557336983680725,
    0.023433240270614625,
    0.02596499124765396,
    0.021815371632575988,
    0.02099897003173828,
    0.01988855490684509,
    0.019870776283740996,
    0.02043373169898987,
    0.019374868321418763,
    0.01948495659828186,
    0.018605946493148805,
    0.018480060297250748,
    0.018704331994056703,
    0.01795011098384857,
    0.018289257502555847,
    0.01686735838651657,
    0.016700894683599473,
    0.0164831910610199,
    0.01882136117219925,
    0.016518787807226182,
    0.01621576803326607,
    0.01552306848168373,
    0.01688992453813553,
    0.01598791241645813,
    0.015775492238998413,
    0.01662880018353462,
    0.01501226236820221,
    0.015552650028467178,
    0.015788660025596618
  ],
  "val_accuracies": [
    34.11,
    40.15,
    45.84,
    39.41,
    48.85,
    51.11,
    54.63,
    54.05,
    54.26,
    56.31,
    59.52,
    56.39,
    57.93,
    56.41,
    59.41,
    57.59,
    62.51,
    62.49,
    65.48,
    59.08,
    62.1,
    63.1,
    65.21,
    63.02,
    64.44,
    64.47,
    64.7,
    66.87,
    64.71,
    64.94
  ],
  "best_accuracy": 66.87,
  "percentage": 0.1,
  "combo": "rotation_deg_15_cutmix"
}