{
  "train_losses": [
    2.1645017616271973,
    1.9410260864257813,
    1.8342784732818604,
    1.8055780054092407,
    1.76116953830719,
    1.7944335815429688,
    1.702840691757202,
    1.711295808029175,
    1.6739268215179444,
    1.6663835258483888,
    1.604952180480957,
    1.6246374191284179,
    1.6138456535339356,
    1.6338012302398681,
    1.6316370807647704,
    1.4938972579956056,
    1.5515142700195312,
    1.521377604675293,
    1.5429602661132813,
    1.5472155128479004,
    1.462908733177185,
    1.5101382831573487,
    1.4846761470794678,
    1.4815798683166503,
    1.4668736274719238,
    1.4942329263687133,
    1.4810823169708252,
    1.3980170879364013,
    1.4266551860809327,
    1.3519402645111085
  ],
  "val_losses": [
    0.02994972622394562,
    0.025556796205043794,
    0.02481575914621353,
    0.028057846188545225,
    0.022570835959911346,
    0.02254765202999115,
    0.02281155606508255,
    0.02195397652387619,
    0.02077604159116745,
    0.021487907361984252,
    0.020541250562667847,
    0.018918080377578736,
    0.018999298268556595,
    0.019740297716856002,
    0.01848797029852867,
    0.019226937186717988,
    0.019277641957998276,
    0.01810013736486435,
    0.017415855634212492,
    0.017639058327674866,
    0.016967364490032198,
    0.016824464970827104,
    0.017216192269325255,
    0.017463466531038283,
    0.016766696935892104,
    0.01654754303097725,
    0.017833851498365402,
    0.016131871330738068,
    0.016765091705322265,
    0.015939010518789293
  ],
  "val_accuracies": [
    29.08,
    41.1,
    41.07,
    35.7,
    48.04,
    49.31,
    47.74,
    49.61,
    54.24,
    52.5,
    54.14,
    56.66,
    56.34,
    53.42,
    58.99,
    55.84,
    56.21,
    57.86,
    61.44,
    61.03,
    61.49,
    62.29,
    60.38,
    60.72,
    63.21,
    62.5,
    60.15,
    63.75,
    61.02,
    64.76
  ],
  "best_accuracy": 64.76,
  "percentage": 0.1,
  "combo": "crop_cutmix"
}