{
  "train_losses": [
    2.039193198013306,
    1.7619997104644776,
    1.6650291957855226,
    1.5881274030685424,
    1.5390485233306885,
    1.5001304595947265,
    1.445422557449341,
    1.4249838195800781,
    1.3810895071029663,
    1.3309790016174317,
    1.3321606132507324,
    1.3154803657531737,
    1.266840396308899,
    1.2514324794769287,
    1.2539292560577393,
    1.2155768001556397,
    1.2122154350280763,
    1.1709003868103027,
    1.1649718868255616,
    1.1307534023284913,
    1.1131638099670411,
    1.1163359937667847,
    1.086139134979248,
    1.0730736341476441,
    1.0374409666061402,
    1.0325020038604735,
    1.0279882822990418,
    1.0040238554954528,
    0.9979333168029785,
    1.015291993522644
  ],
  "val_losses": [
    0.027927536010742188,
    0.025437670528888703,
    0.023778135681152345,
    0.02247162835597992,
    0.022651202189922334,
    0.020969740092754364,
    0.020766392081975938,
    0.022207185518741606,
    0.02159867096543312,
    0.019319159483909606,
    0.019472272169589997,
    0.019042389684915544,
    0.018169341033697127,
    0.01886729279756546,
    0.01811514459848404,
    0.01793823259472847,
    0.01803862196803093,
    0.018064550119638444,
    0.017551289170980453,
    0.01801054130792618,
    0.01648788921236992,
    0.0186970839202404,
    0.016158267933130264,
    0.017699752253293993,
    0.016131606262922288,
    0.01584605692625046,
    0.01729186959862709,
    0.015701481968164444,
    0.016569344770908354,
    0.01613598645925522
  ],
  "val_accuracies": [
    32.05,
    37.28,
    43.45,
    46.54,
    47.29,
    51.24,
    51.33,
    48.72,
    51.06,
    55.73,
    54.84,
    55.78,
    58.23,
    56.38,
    58.86,
    58.78,
    58.66,
    58.6,
    59.7,
    58.54,
    62.25,
    58.42,
    62.28,
    60.32,
    63.98,
    64.51,
    60.4,
    63.92,
    63.73,
    64.27
  ],
  "best_accuracy": 64.51,
  "percentage": 0.1,
  "combo": "rotation_crop"
}