{
  "train_losses": [
    1.525852999343872,
    1.1960508237838745,
    1.0625421544265747,
    0.9798807229614258,
    0.9199271440124511,
    0.8723818815231323,
    0.8406175118637085,
    0.8016253824043273,
    0.7760703475189209,
    0.7453630379104614,
    0.7235546116256714,
    0.7044815754699707,
    0.6884098560714722,
    0.6702642531013489,
    0.6550911714935302,
    0.6447802555656433,
    0.6282744499969483,
    0.6143290393066406,
    0.6151276141929627,
    0.6005465955734253,
    0.5910164980220795,
    0.5934042992210388,
    0.576557567615509,
    0.5730847419548034,
    0.5673847602844239,
    0.5668278841972351,
    0.5571923298358917,
    0.5498894276618957,
    0.5491383544540406,
    0.5422659503746032
  ],
  "val_losses": [
    0.01823751301765442,
    0.015475572848320008,
    0.013777088272571564,
    0.013058376067876815,
    0.012325661140680313,
    0.01123267631828785,
    0.010990350863337517,
    0.010934277120232582,
    0.01068918842971325,
    0.010255414912104606,
    0.009918399754166604,
    0.009641681173443795,
    0.009591000455617905,
    0.00962253262102604,
    0.010146496739983558,
    0.009671001183986663,
    0.00890486305654049,
    0.008677149537205697,
    0.008790411314368248,
    0.008785599464178085,
    0.008969530108571053,
    0.008457377822697162,
    0.008364073571562767,
    0.009045675855875015,
    0.009039628088474274,
    0.009056293213367463,
    0.008337544286251069,
    0.008765865781903267,
    0.009001028306782245,
    0.008703060135245324
  ],
  "val_accuracies": [
    56.99,
    64.83,
    69.31,
    70.38,
    72.56,
    74.73,
    75.37,
    75.32,
    76.74,
    77.85,
    77.5,
    78.75,
    78.84,
    78.89,
    78.05,
    79.22,
    80.43,
    81.06,
    80.65,
    80.54,
    80.61,
    81.54,
    81.65,
    81.18,
    80.25,
    80.38,
    81.52,
    80.61,
    80.09,
    81.12
  ],
  "best_accuracy": 81.65,
  "percentage": 1.0,
  "combo": "flip_crop"
}