{
  "train_losses": [
    1.5424046124267579,
    1.21620479221344,
    1.0892592180252074,
    1.0011981161880492,
    0.9476451233673095,
    0.897498632888794,
    0.8586029545211792,
    0.8315560775184632,
    0.8017074729919433,
    0.7847083430767059,
    0.7621997346878052,
    0.7451575712203979,
    0.7240144474411011,
    0.7126312337875366,
    0.7011879823112488,
    0.682682357788086,
    0.6779078940582275,
    0.6635595414733887,
    0.650090541229248,
    0.6417959120750427,
    0.6324235466575623,
    0.6253664045333862,
    0.6245810576248169,
    0.6151796489334106,
    0.6105433409881592,
    0.6045038132286071,
    0.5988068068885803,
    0.5901546634864807,
    0.591473801612854,
    0.5930644311714173
  ],
  "val_losses": [
    0.018120050036907195,
    0.014316639322042465,
    0.01410490664243698,
    0.012808126708865166,
    0.011978158465027809,
    0.012444797265529632,
    0.010886991599202155,
    0.011039793401956557,
    0.010181587994098663,
    0.010536931112408637,
    0.010136325290799142,
    0.01058980044722557,
    0.009945402139425278,
    0.009906093671917915,
    0.009570507201552392,
    0.009499084770679473,
    0.009213454401493073,
    0.0095369376629591,
    0.01033416632115841,
    0.00931098138988018,
    0.00923857433795929,
    0.009818752166628837,
    0.009322892001271248,
    0.009195189937949181,
    0.009285696367919444,
    0.009046156907081604,
    0.008529035811126233,
    0.008731417572498321,
    0.009148149359226226,
    0.00911032981723547
  ],
  "val_accuracies": [
    58.8,
    67.81,
    68.76,
    71.55,
    73.38,
    72.78,
    76.19,
    75.44,
    77.54,
    77.12,
    78.25,
    76.85,
    77.98,
    78.88,
    79.21,
    78.94,
    79.8,
    79.83,
    78.09,
    79.73,
    80.27,
    79.35,
    80.0,
    80.33,
    80.21,
    79.98,
    81.8,
    81.03,
    80.5,
    79.99
  ],
  "best_accuracy": 81.8,
  "percentage": 1.0,
  "combo": "rotation_color"
}