{
  "train_losses": [
    1.444546764717102,
    1.0947410963630677,
    0.9803467020225525,
    0.89984612449646,
    0.8426547477531433,
    0.7967523154067994,
    0.7573007015800476,
    0.7226496650695801,
    0.6938326972579956,
    0.6736737087440491,
    0.6492970622253418,
    0.6284307215499878,
    0.6144873696708679,
    0.5942880179977417,
    0.5877021471786499,
    0.5655516555786133,
    0.5606068579292297,
    0.5461668747329712,
    0.5301680477333068,
    0.5222899941158294,
    0.514520170917511,
    0.5067936879920959,
    0.5042202946090698,
    0.49485819940567016,
    0.4874618850564957,
    0.4788566982078552,
    0.4703745611190796,
    0.4729260836029053,
    0.4682604455757141,
    0.4563171559524536
  ],
  "val_losses": [
    0.017312851852178575,
    0.013634179586172104,
    0.014311330598592758,
    0.011580451294779777,
    0.012550625652074814,
    0.010750974482297898,
    0.012288007858395577,
    0.010037134897708893,
    0.010181043019890786,
    0.010218456131219864,
    0.0096971460044384,
    0.00953683809041977,
    0.009721640419960022,
    0.00943806110918522,
    0.00912793823927641,
    0.009233352813124656,
    0.009083494466543197,
    0.009379941383004188,
    0.009483414566516876,
    0.009348788219690323,
    0.008798193036019803,
    0.009121291261911392,
    0.008558791968226433,
    0.008634131717681884,
    0.009002846121788024,
    0.008764561927318573,
    0.009635606041550636,
    0.00894981234371662,
    0.008690462610125542,
    0.008910796484351158
  ],
  "val_accuracies": [
    62.0,
    69.34,
    68.33,
    74.69,
    72.85,
    76.06,
    72.66,
    77.68,
    77.59,
    77.55,
    78.74,
    78.76,
    78.99,
    79.11,
    80.05,
    79.48,
    80.46,
    80.13,
    79.95,
    79.9,
    81.02,
    80.38,
    81.54,
    81.24,
    80.3,
    80.76,
    79.54,
    80.42,
    81.38,
    81.16
  ],
  "best_accuracy": 81.54,
  "percentage": 1.0,
  "combo": "flip_color"
}