{
  "train_losses": [
    1.6187148020935058,
    1.2926501210021972,
    1.1641181148719788,
    1.0821175378036498,
    1.016407348060608,
    0.960248349685669,
    0.9243217172813416,
    0.8823893745803832,
    0.8534381649398803,
    0.8311616236495971,
    0.8037858163833618,
    0.7743979901885987,
    0.7615610720443725,
    0.7411282219696045,
    0.7162977073287964,
    0.7080881241416931,
    0.6902450185394287,
    0.6817060549163818,
    0.6697943781089782,
    0.6563207578754425,
    0.6495777176570893,
    0.6396447077083588,
    0.6280788205623626,
    0.6224231628417969,
    0.6140523106193543,
    0.6109580570602416,
    0.6039372881126404,
    0.5962826427459716,
    0.5886244469451904,
    0.5806927013397217
  ],
  "val_losses": [
    0.01905599702000618,
    0.015581906574964523,
    0.015933613115549087,
    0.014118030786514283,
    0.013088181054592132,
    0.011739674466848373,
    0.011446179232001304,
    0.01111766698360443,
    0.010914038962125778,
    0.010954070979356766,
    0.01049583922624588,
    0.01021920257806778,
    0.010154683575034141,
    0.00979883633852005,
    0.009575631481409073,
    0.009961524918675423,
    0.01010395732820034,
    0.009406129983067512,
    0.009026228588819504,
    0.009144534915685653,
    0.009209953552484513,
    0.008788089281320572,
    0.008731732374429703,
    0.008706521144509316,
    0.008933313181996345,
    0.008582546170055867,
    0.009170185893774033,
    0.008783382150530815,
    0.00856039817482233,
    0.00843712968826294
  ],
  "val_accuracies": [
    56.69,
    64.35,
    64.98,
    68.78,
    70.65,
    74.0,
    74.33,
    75.12,
    75.55,
    76.12,
    77.12,
    77.58,
    77.52,
    78.44,
    78.81,
    78.35,
    78.35,
    79.29,
    80.37,
    79.69,
    79.84,
    80.61,
    81.28,
    81.17,
    80.24,
    81.47,
    79.76,
    80.83,
    81.56,
    81.74
  ],
  "best_accuracy": 81.74,
  "percentage": 1.0,
  "combo": "color_crop"
}