{
  "train_losses": [
    1.9046895961761474,
    1.6609169791793823,
    1.6208745348358153,
    1.5430111626815797,
    1.463957423400879,
    1.4953177647399902,
    1.3558107368278502,
    1.4184468172836304,
    1.3340892733383178,
    1.3213060668945313,
    1.2832156997680664,
    1.272978345375061,
    1.261751436958313,
    1.2498316667556764,
    1.2378521334838868,
    1.1557121286773682,
    1.1750815188789367,
    1.1589224338912965,
    1.1584286581230163,
    1.1502816897583008,
    1.1086076317977904,
    1.0940970858383179,
    1.1591440705490113,
    1.1349942835617066,
    1.1678293814468383,
    0.9705636166572571,
    1.0324575770950317,
    1.0186657167816162,
    1.0516121100997924,
    1.0131020387649536
  ],
  "val_losses": [
    0.023093179106712342,
    0.020068948709964753,
    0.020167804169654847,
    0.017762935483455658,
    0.01749308544397354,
    0.01737938756942749,
    0.015588385480642319,
    0.014508568811416626,
    0.015632831382751466,
    0.014010814672708512,
    0.01388775508403778,
    0.014890789365768433,
    0.014179444247484208,
    0.012924422389268875,
    0.015158831256628036,
    0.012686572289466859,
    0.013141812986135483,
    0.013410372239351273,
    0.012814225220680237,
    0.012598298269510269,
    0.01212324458360672,
    0.012841218668222427,
    0.012370676171779633,
    0.011927367383241653,
    0.012093872433900834,
    0.012586599278450012,
    0.011873708885908127,
    0.012444713032245636,
    0.013134092909097672,
    0.011739917293190957
  ],
  "val_accuracies": [
    45.39,
    54.04,
    54.5,
    58.14,
    61.83,
    62.81,
    64.67,
    67.68,
    67.74,
    67.85,
    69.22,
    67.27,
    68.67,
    71.61,
    68.36,
    72.68,
    71.75,
    72.43,
    72.13,
    72.54,
    73.59,
    72.28,
    73.28,
    73.32,
    74.86,
    72.62,
    74.93,
    73.36,
    71.49,
    74.25
  ],
  "best_accuracy": 74.93,
  "percentage": 0.25,
  "combo": "flip_cutmix"
}