{
  "train_losses": [
    1.996243858795166,
    1.7965505305099487,
    1.7742268264007568,
    1.670011981124878,
    1.6149908164596558,
    1.6228457401657104,
    1.5338257205581665,
    1.5617752657318116,
    1.4959070513534547,
    1.4827540758132935,
    1.4639466193008424,
    1.4239377801322937,
    1.4150406799316406,
    1.3904801446342467,
    1.4126445273590087,
    1.3506258353424072,
    1.3438942707061767,
    1.3631467189788817,
    1.3180865607452392,
    1.3405134224700928,
    1.270919192199707,
    1.292526107673645,
    1.3419964085006715,
    1.2731000146675109,
    1.3162381506347656,
    1.1905448511123657,
    1.2176098197555543,
    1.2327689321517945,
    1.2451348010635377,
    1.2090631106567382
  ],
  "val_losses": [
    0.0247708110332489,
    0.023833666133880615,
    0.023514910769462584,
    0.019802167642116546,
    0.019256398236751557,
    0.019364370739459992,
    0.019283772444725036,
    0.017363953202962877,
    0.017831229037046432,
    0.017145672965049742,
    0.015384191179275513,
    0.01518465593457222,
    0.015381609469652176,
    0.014370414805412292,
    0.01551869278550148,
    0.015521072292327881,
    0.01414341412782669,
    0.014612153089046478,
    0.014548722511529923,
    0.01522406792640686,
    0.01524576216340065,
    0.013337278831005096,
    0.014179301911592484,
    0.01338863680958748,
    0.013423559325933457,
    0.013298023134469986,
    0.012813799285888671,
    0.012742194837331772,
    0.013055848944187164,
    0.01241854401230812
  ],
  "val_accuracies": [
    42.02,
    43.78,
    44.08,
    54.31,
    55.03,
    56.87,
    54.34,
    60.28,
    59.83,
    61.68,
    64.85,
    66.32,
    65.77,
    68.27,
    67.56,
    64.85,
    68.51,
    68.01,
    67.49,
    66.18,
    66.26,
    71.86,
    68.73,
    71.11,
    70.08,
    70.83,
    71.75,
    72.26,
    72.07,
    73.06
  ],
  "best_accuracy": 73.06,
  "percentage": 0.25,
  "combo": "crop_cutmix"
}