{
  "train_losses": [
    1.9952749707794188,
    1.754891443786621,
    1.7158378882598877,
    1.5848510818862915,
    1.5324356360626221,
    1.5138740893173217,
    1.4465403428459167,
    1.4819035767745972,
    1.4124859051895142,
    1.3616621374893187,
    1.3549972946166993,
    1.3194323543167115,
    1.3244478387451173,
    1.3127005178451538,
    1.2594665645980836,
    1.2052521519088746,
    1.2304035799980164,
    1.2232346458816528,
    1.197165170288086,
    1.163570059928894,
    1.0951571221923828,
    1.102544870300293,
    1.142903143157959,
    1.1208907998275757,
    1.173137620124817,
    0.9610921869277954,
    1.0370577495956421,
    1.0502627464294434,
    1.069948794822693,
    0.9662983987045288
  ],
  "val_losses": [
    0.02406573380231857,
    0.021354968357086182,
    0.019683948922157288,
    0.019688022565841675,
    0.01815833413004875,
    0.01746394159793854,
    0.016469185036420822,
    0.016429914724826813,
    0.016485975587368012,
    0.014922649657726288,
    0.014578449988365173,
    0.01513559252023697,
    0.01483596187233925,
    0.01439147439301014,
    0.014663035732507705,
    0.014303044974803924,
    0.01319350022673607,
    0.014152983868122101,
    0.013084362196922302,
    0.013997999387979507,
    0.014439652252197266,
    0.014008524799346923,
    0.01351493045091629,
    0.013301801091432572,
    0.013418187648057937,
    0.012714903140068054,
    0.01325310579240322,
    0.012672109499573708,
    0.012873933053016663,
    0.012226211246848107
  ],
  "val_accuracies": [
    45.3,
    52.29,
    54.35,
    54.44,
    57.93,
    60.61,
    63.12,
    63.02,
    64.5,
    67.01,
    67.58,
    66.49,
    67.16,
    68.1,
    70.72,
    68.08,
    71.02,
    70.59,
    71.82,
    69.73,
    67.89,
    69.51,
    70.68,
    71.09,
    70.83,
    72.39,
    70.92,
    72.47,
    71.76,
    73.28
  ],
  "best_accuracy": 73.28,
  "percentage": 0.25,
  "combo": "color_0.3_cutmix"
}