{
  "train_losses": [
    1.803507557296753,
    1.5440242810058593,
    1.4071311645507814,
    1.318930687866211,
    1.2499273928833008,
    1.1873503199768067,
    1.143276037979126,
    1.097124753036499,
    1.0742957389068604,
    1.047647502822876,
    1.0017657524490355,
    0.978856743850708,
    0.9612511308479309,
    0.9461491915512085,
    0.9219380923843383,
    0.8984825418281556,
    0.8825594082832336,
    0.8767991163253784,
    0.8492128915786743,
    0.8352870364379883,
    0.815779126548767,
    0.8029696827697754,
    0.7934623928070068,
    0.77906378200531,
    0.7766049436569213,
    0.7525860790920258,
    0.7529971816825867,
    0.722578111629486,
    0.7194862484169007,
    0.7178712224006653
  ],
  "val_losses": [
    0.024372117269039154,
    0.02083965209722519,
    0.021458295607566832,
    0.018262745368480684,
    0.0173832967877388,
    0.018058625191450118,
    0.01604825090765953,
    0.0161691979765892,
    0.01441648975610733,
    0.014236895436048507,
    0.013273771840333938,
    0.013646521735191345,
    0.013988330817222595,
    0.013750691902637481,
    0.012706907653808594,
    0.012314939880371094,
    0.014124422699213029,
    0.012925214970111848,
    0.012155517902970314,
    0.01299179065823555,
    0.011519255602359772,
    0.011636533784866333,
    0.012753153356909751,
    0.011460812631249429,
    0.011513000679016113,
    0.014694266331195832,
    0.013244229245185852,
    0.011758609047532082,
    0.0115162585824728,
    0.01119667963385582
  ],
  "val_accuracies": [
    42.57,
    51.21,
    50.04,
    57.37,
    60.73,
    58.79,
    61.92,
    63.24,
    67.0,
    67.77,
    69.77,
    69.06,
    69.2,
    68.08,
    71.45,
    72.39,
    68.93,
    71.64,
    72.95,
    71.75,
    74.81,
    74.5,
    72.29,
    75.1,
    74.66,
    69.11,
    71.66,
    74.26,
    74.93,
    75.82
  ],
  "best_accuracy": 75.82,
  "percentage": 0.25,
  "combo": "flip_crop"
}