{
  "train_losses": [
    1.9174199549102784,
    1.6533115841293335,
    1.5169475610733032,
    1.4164762228775025,
    1.3340636707305908,
    1.2656534548187255,
    1.2284902394866943,
    1.179862170677185,
    1.1403218881607056,
    1.1125743808746338,
    1.0796509225082398,
    1.0479473418426513,
    1.0331733016204834,
    1.0013160342788696,
    0.9977569491386413,
    0.9587447274398804,
    0.951842276878357,
    0.9225333187866211,
    0.9085507664871216,
    0.8905982749176026,
    0.8736751715278626,
    0.8570152357292176,
    0.8406877544975281,
    0.823431971912384,
    0.8164447257995605,
    0.7993299842453003,
    0.7790444281005859,
    0.7716810810089111,
    0.7692108129501343,
    0.7370427125167847
  ],
  "val_losses": [
    0.02497193886041641,
    0.021623051643371582,
    0.02129113597869873,
    0.018878106969594955,
    0.017574112421274185,
    0.01649845714569092,
    0.01697869526743889,
    0.016685396671295167,
    0.015273618483543396,
    0.016927212440967558,
    0.014314313495159148,
    0.014374357092380524,
    0.013986751246452331,
    0.014908228784799575,
    0.013367412298917771,
    0.013320486804842949,
    0.01321547259092331,
    0.01431261003613472,
    0.013806541401147843,
    0.012982561507821084,
    0.012486168700456619,
    0.012496410751342774,
    0.01253524835407734,
    0.01187554573714733,
    0.011620617192983627,
    0.01200550318956375,
    0.012015087381005287,
    0.011853117719292641,
    0.012934902921319007,
    0.011529540169239044
  ],
  "val_accuracies": [
    41.44,
    48.73,
    49.57,
    56.37,
    60.05,
    62.5,
    61.19,
    62.21,
    65.65,
    61.87,
    67.47,
    67.09,
    69.09,
    65.36,
    70.17,
    70.26,
    70.22,
    67.84,
    69.78,
    71.04,
    72.04,
    72.2,
    72.14,
    73.53,
    74.87,
    74.04,
    73.94,
    73.26,
    72.57,
    74.42
  ],
  "best_accuracy": 74.87,
  "percentage": 0.25,
  "combo": "color_crop"
}