{
  "train_losses": [
    1.8245944158935548,
    1.585299003753662,
    1.4936079080963134,
    1.408728588256836,
    1.338083415184021,
    1.2963506488037109,
    1.2502787767219543,
    1.2176208196258544,
    1.176456025352478,
    1.1475011062431335,
    1.1325393836975097,
    1.0913677194595337,
    1.0730233749389648,
    1.044964222946167,
    1.0213892527008057,
    1.0020539574432372,
    0.986712633895874,
    0.9735637975883484,
    0.9450567682266235,
    0.913797047290802,
    0.9265878131484986,
    0.906324986114502,
    0.8977625712776184,
    0.8664568396759034,
    0.853698689994812,
    0.8380800706863404,
    0.8319243737792968,
    0.824198944530487,
    0.8050460530281067,
    0.7930686628341674
  ],
  "val_losses": [
    0.02451177933216095,
    0.021593323242664338,
    0.02084963037967682,
    0.019538244926929474,
    0.018151088631153108,
    0.01865077934265137,
    0.017868131095170974,
    0.018417588353157044,
    0.01610944242477417,
    0.015823082995414735,
    0.016167394316196442,
    0.014715932351350785,
    0.014872424328327178,
    0.013810210478305817,
    0.014224801164865493,
    0.013734893220663071,
    0.013734653812646866,
    0.014754337155818939,
    0.014198433440923692,
    0.014480212956666946,
    0.01373390268087387,
    0.013598285597562789,
    0.01329447066783905,
    0.012540595746040344,
    0.013283842062950134,
    0.012643357780575753,
    0.0123145532310009,
    0.012326409667730331,
    0.011968326479196548,
    0.012845276027917862
  ],
  "val_accuracies": [
    38.51,
    49.18,
    51.06,
    54.44,
    57.8,
    56.92,
    59.05,
    58.19,
    63.95,
    64.04,
    62.67,
    66.17,
    66.32,
    69.14,
    67.96,
    69.39,
    69.09,
    66.5,
    68.6,
    67.93,
    69.38,
    69.65,
    70.97,
    72.37,
    70.58,
    72.36,
    73.63,
    73.34,
    73.84,
    72.04
  ],
  "best_accuracy": 73.84,
  "percentage": 0.25,
  "combo": "rotation_crop"
}