{
  "train_losses": [
    1.7226193041229247,
    1.4570628769683838,
    1.3363494106292724,
    1.2551472658538818,
    1.1950155749893188,
    1.1353170197677613,
    1.0972473582649231,
    1.0609329711151123,
    1.034599049797058,
    0.9925170210456848,
    0.9736910427474975,
    0.9410997944831848,
    0.931437716255188,
    0.9005689750289917,
    0.8796827056503296,
    0.8587044760322571,
    0.8457339990997315,
    0.8272232798957825,
    0.8195263900566101,
    0.7967399709129334,
    0.7802625513839722,
    0.7728983128356933,
    0.7571735848999024,
    0.740846117401123,
    0.7275316377830505,
    0.7291371307373047,
    0.720894637184143,
    0.7090508551216126,
    0.6934051398086548,
    0.6895124500083923
  ],
  "val_losses": [
    0.021282362008094788,
    0.019936846560239793,
    0.017672947359085082,
    0.017374060028791428,
    0.0162564603805542,
    0.015322429728507996,
    0.014426010829210282,
    0.01383009992837906,
    0.01303603190779686,
    0.014057425487041473,
    0.013521917694807052,
    0.01278941481113434,
    0.012267645886540413,
    0.01215074457526207,
    0.012651263910531998,
    0.011540062236785888,
    0.01173840329349041,
    0.010889771410822868,
    0.012001237142086028,
    0.010776165479421616,
    0.011462529021501541,
    0.011363628941774367,
    0.011069058272242546,
    0.010574188897013665,
    0.010538403630256652,
    0.010865931126475334,
    0.010758227521181107,
    0.00997968972325325,
    0.00994738934636116,
    0.010047381484508514
  ],
  "val_accuracies": [
    49.48,
    53.48,
    59.19,
    60.55,
    63.42,
    64.57,
    66.86,
    68.49,
    70.22,
    69.37,
    69.72,
    71.44,
    72.36,
    72.2,
    71.92,
    74.66,
    73.93,
    75.39,
    74.17,
    76.15,
    74.73,
    74.82,
    75.52,
    76.42,
    77.08,
    75.46,
    76.52,
    78.32,
    77.86,
    77.71
  ],
  "best_accuracy": 78.32,
  "percentage": 0.5,
  "combo": "rotation_crop"
}