{
  "train_losses": [
    1.803425909576416,
    1.57553413646698,
    1.4887575492095948,
    1.4424011427307128,
    1.3413779415512086,
    1.2963016536140441,
    1.2869028303909302,
    1.2686527846908568,
    1.2427697997283935,
    1.2181318515396118,
    1.1873699852371216,
    1.2299048177337646,
    1.1405720406341553,
    1.1475350118637084,
    1.126063318195343,
    1.1143247021102904,
    1.1109006664848327,
    1.0927111871147155,
    1.0874522554588317,
    1.0204508643722534,
    1.0859461184692383,
    1.018219415397644,
    1.0273778826904296,
    1.0208012686538697,
    1.0123485437011719,
    1.004985715637207,
    0.9860094166183472,
    0.9896222049713135,
    0.9876661211013794,
    0.9493593118286133
  ],
  "val_losses": [
    0.020379037606716156,
    0.018513918465375902,
    0.017181333094835282,
    0.015265245842933655,
    0.014677076417207719,
    0.013587754482030869,
    0.013611554163694382,
    0.012755596005916595,
    0.01321483645439148,
    0.013149948763847352,
    0.01229853390455246,
    0.012508703649044037,
    0.01146700342297554,
    0.013084062266349792,
    0.01086319659948349,
    0.011296798875927926,
    0.011060226485133171,
    0.011675741282105447,
    0.010434755200147628,
    0.011510245463252067,
    0.010569061416387558,
    0.011011506462097169,
    0.01053769957125187,
    0.010769816318154334,
    0.009657609057426452,
    0.010434757661819458,
    0.01069003345966339,
    0.012053585088253022,
    0.010361019548773765,
    0.010076571699976921
  ],
  "val_accuracies": [
    51.46,
    56.95,
    63.38,
    65.83,
    67.17,
    70.43,
    70.67,
    72.38,
    71.38,
    72.48,
    74.67,
    73.77,
    75.27,
    72.66,
    77.32,
    76.57,
    77.33,
    76.29,
    77.27,
    76.01,
    77.6,
    77.46,
    78.2,
    76.47,
    78.74,
    78.17,
    77.74,
    76.06,
    77.54,
    78.93
  ],
  "best_accuracy": 78.93,
  "percentage": 0.5,
  "combo": "flip_cutmix"
}