{
  "train_losses": [
    1.780822383995056,
    1.4662426075744628,
    1.3078657566070557,
    1.2138657915496827,
    1.1508088989257812,
    1.1053671444892883,
    1.0561843412590026,
    1.0131357992744445,
    0.9922269147109986,
    0.9602273103141785,
    0.9331730171585083,
    0.907057027835846,
    0.8772634746551514,
    0.8626084786224365,
    0.8391811188888549,
    0.8227841438484191,
    0.8066441031646728,
    0.7921061198997498,
    0.7725597470092773,
    0.7682333106040955,
    0.7392636685180664,
    0.7398692967796325,
    0.7247177862930297,
    0.7170479906463623,
    0.7002003126716614,
    0.6872538243293762,
    0.6776980087661744,
    0.6699367868041992,
    0.6607960046768189,
    0.6503961375808716
  ],
  "val_losses": [
    0.020925871694087984,
    0.018827615374326707,
    0.017519901186227798,
    0.01720233315229416,
    0.015167109251022338,
    0.014883325111865997,
    0.013328226161003112,
    0.013388030016422272,
    0.013145649313926696,
    0.013016762864589691,
    0.012156720325350761,
    0.011869319292902946,
    0.013467781549692154,
    0.011639500999450684,
    0.011820084834098816,
    0.011869909301400184,
    0.010788863527774811,
    0.010815764632821082,
    0.01040361485183239,
    0.012083019122481347,
    0.011121608525514602,
    0.010682101508975028,
    0.010202554306387902,
    0.01110903438925743,
    0.00996098212003708,
    0.010097654283046723,
    0.010199833744764328,
    0.009598568859696389,
    0.010308470332622529,
    0.009444288477301598
  ],
  "val_accuracies": [
    51.35,
    57.66,
    60.67,
    61.75,
    65.37,
    65.64,
    69.73,
    70.37,
    70.33,
    70.06,
    72.93,
    73.04,
    71.31,
    73.83,
    73.88,
    74.46,
    76.69,
    75.99,
    77.63,
    73.25,
    75.55,
    76.24,
    77.57,
    75.79,
    78.63,
    78.34,
    78.14,
    79.3,
    78.08,
    79.54
  ],
  "best_accuracy": 79.54,
  "percentage": 0.5,
  "combo": "color_crop"
}