{
  "train_losses": [
    1.879993003768921,
    1.6947422108078003,
    1.5658051483535766,
    1.4963843488693238,
    1.4429020035934448,
    1.3784158685302734,
    1.3759464050102235,
    1.3497976135635377,
    1.2837394842147827,
    1.2848363441085815,
    1.253348868598938,
    1.2694265088272094,
    1.1771490386772157,
    1.1793556911087035,
    1.1871338696670533,
    1.1679341603088378,
    1.1279807642173767,
    1.1127557047653198,
    1.108907662525177,
    1.0424764730072023,
    1.1058167363357545,
    1.0585917022323608,
    1.038677706680298,
    1.0484839019775392,
    1.0177316953277589,
    1.0195444758605956,
    0.9924496044158936,
    1.0099247090530397,
    1.0108419570541383,
    0.9691627085494995
  ],
  "val_losses": [
    0.022063251101970674,
    0.01937706813812256,
    0.017732989519834517,
    0.016299632680416107,
    0.015399067133665085,
    0.01435680012702942,
    0.013861530590057373,
    0.014090856659412385,
    0.013487375181913376,
    0.013953215366601945,
    0.013047095477581025,
    0.01302974551320076,
    0.011728869414329528,
    0.013093720597028732,
    0.01189573516845703,
    0.011703049552440644,
    0.011912368324398995,
    0.011498112082481384,
    0.011671019744873046,
    0.01138593478500843,
    0.011761309349536895,
    0.011107713973522186,
    0.011040778315067291,
    0.011200785100460053,
    0.011777744489908218,
    0.010419738674163818,
    0.011491688030958175,
    0.011096226871013642,
    0.010682787463068963,
    0.010452737548947334
  ],
  "val_accuracies": [
    49.45,
    55.82,
    60.33,
    64.39,
    66.02,
    69.04,
    69.31,
    70.51,
    71.93,
    70.79,
    73.02,
    72.74,
    75.4,
    71.92,
    74.59,
    75.85,
    73.46,
    76.14,
    75.3,
    76.6,
    74.9,
    77.1,
    77.25,
    76.82,
    76.69,
    77.63,
    76.26,
    76.9,
    77.29,
    77.61
  ],
  "best_accuracy": 77.63,
  "percentage": 0.5,
  "combo": "color_0.3_cutmix"
}