{
  "train_losses": [
    1.513950033531189,
    1.146055192604065,
    1.0093822577857972,
    0.9072196408081055,
    0.8247645237350464,
    0.7625074388694764,
    0.7124189484024048,
    0.645891197757721,
    0.6011824593162537,
    0.565199434261322,
    0.5170049779319763,
    0.4751610623550415,
    0.4416991304969788,
    0.4040202290058136,
    0.3742773192310333,
    0.34862998344421386,
    0.3196837195968628,
    0.2878602049541473,
    0.2715276751041412,
    0.2548306290149689,
    0.24589820867538453,
    0.23615760422706605,
    0.22727016553878784,
    0.19978606999874116,
    0.19341449615478515,
    0.19008750886440276,
    0.18190982405662537,
    0.17874978173732758,
    0.16503453689098357,
    0.16028830935955046
  ],
  "val_losses": [
    0.018323413509130478,
    0.016773907566070556,
    0.015377826553583145,
    0.013354961198568344,
    0.01347587788105011,
    0.01224365333020687,
    0.012795180991292,
    0.011441633954644204,
    0.011253338751196862,
    0.012786505702137947,
    0.012413709056377412,
    0.011445704627037048,
    0.012558508184552192,
    0.012597702983021736,
    0.014589379701018333,
    0.01176985524892807,
    0.012325835666060448,
    0.013891284468770027,
    0.014125962361693382,
    0.012526168522238732,
    0.014129437470436096,
    0.014989049243927003,
    0.013892146345973015,
    0.013313544324040413,
    0.014028326028585433,
    0.014975072616338729,
    0.014180726280808449,
    0.014637642970681191,
    0.015165747970342636,
    0.014437521150708198
  ],
  "val_accuracies": [
    57.54,
    61.47,
    65.86,
    70.8,
    70.45,
    72.25,
    71.8,
    74.86,
    75.62,
    73.14,
    73.85,
    75.88,
    73.66,
    74.17,
    72.05,
    75.78,
    75.22,
    74.51,
    73.66,
    75.83,
    74.63,
    73.14,
    74.8,
    75.47,
    75.37,
    74.48,
    75.44,
    75.26,
    73.64,
    75.15
  ],
  "best_accuracy": 75.88,
  "percentage": 0.5,
  "combo": "none"
}