{
  "train_losses": [
    1.5442313563537597,
    1.211836368637085,
    1.0755036999893188,
    0.9880496896743775,
    0.9212001196670532,
    0.8753268740940094,
    0.834715392036438,
    0.8017091654777527,
    0.7622694883728027,
    0.7381599396324158,
    0.7167118748855591,
    0.6894247369956971,
    0.6684177961730957,
    0.6530059251403808,
    0.6407099342536926,
    0.6244153735733032,
    0.6107945476341248,
    0.5989403040885926,
    0.5830884521102905,
    0.5765184834575653,
    0.5755952431869507,
    0.5629379465103149,
    0.5471339897727966,
    0.5457635736370087,
    0.5404194534111023,
    0.5318509762573242,
    0.5257376987838746,
    0.5241257485961914,
    0.5153659776496887,
    0.5107770336532593
  ],
  "val_losses": [
    0.01785985004901886,
    0.014655579656362534,
    0.013130132794380188,
    0.014697436344623565,
    0.011922380477190018,
    0.011759934487938882,
    0.011484994572401047,
    0.011183541348576546,
    0.010344146990776062,
    0.009702479010820388,
    0.010137529027462006,
    0.00952548939883709,
    0.009869080325961113,
    0.009801476499438286,
    0.009313028156757355,
    0.008869556936621666,
    0.009550035709142686,
    0.00915174342393875,
    0.008856252229213714,
    0.009199047419428825,
    0.009048614111542702,
    0.009047549493610859,
    0.008942285186052322,
    0.008077462330460548,
    0.008562107396125793,
    0.008698929132521153,
    0.008098869296908378,
    0.008058246141672134,
    0.008235689018666744,
    0.008276863521337509
  ],
  "val_accuracies": [
    58.65,
    66.54,
    70.03,
    67.17,
    73.16,
    74.21,
    74.29,
    75.26,
    77.05,
    78.29,
    77.59,
    78.77,
    77.76,
    78.52,
    78.97,
    80.23,
    79.11,
    79.63,
    80.82,
    80.16,
    80.6,
    80.01,
    80.0,
    82.23,
    81.61,
    80.93,
    82.5,
    82.02,
    81.93,
    82.14
  ],
  "best_accuracy": 82.5,
  "percentage": 1.0,
  "combo": "crop"
}