{
  "train_losses": [
    1.4619743168640136,
    1.0895300910758972,
    0.9467694256210327,
    0.8596592036819458,
    0.8033423662376403,
    0.7480718506240844,
    0.7073424357414245,
    0.6637464541244507,
    0.6316081936645508,
    0.5942472001075745,
    0.5660229025650024,
    0.5504016410636902,
    0.5195213940429687,
    0.5049184949684143,
    0.483408690700531,
    0.46893428025245665,
    0.44458184717178345,
    0.43839559789657595,
    0.4210572610855103,
    0.4112437623023987,
    0.39605368129730223,
    0.38708426445007327,
    0.38057744524002074,
    0.36740790355682373,
    0.3638604172682762,
    0.35349192437171933,
    0.34741177993774414,
    0.3463353420639038,
    0.33548117243766784,
    0.32700826930999755
  ],
  "val_losses": [
    0.016459717524051665,
    0.015244860297441482,
    0.013289174452424049,
    0.01160887548327446,
    0.011801630458235741,
    0.011251366984844208,
    0.00995338973402977,
    0.010584592834115029,
    0.010351675620675087,
    0.010409771800041198,
    0.009790332087874413,
    0.010398262533545494,
    0.010155925324559213,
    0.010753003597259522,
    0.010274518364667893,
    0.00924636488854885,
    0.009714887940883637,
    0.00997460623383522,
    0.009358127450942994,
    0.009995495575666428,
    0.010021598416566848,
    0.01010825151503086,
    0.009503004810214042,
    0.011637889078259469,
    0.00979396235346794,
    0.009691085460782052,
    0.010702693608403206,
    0.009825847372412681,
    0.011109221166372299,
    0.010496881763637066
  ],
  "val_accuracies": [
    63.32,
    66.98,
    70.7,
    74.42,
    73.98,
    76.28,
    78.37,
    76.93,
    77.61,
    77.6,
    78.39,
    77.57,
    78.96,
    77.36,
    78.56,
    80.45,
    79.82,
    79.41,
    80.16,
    79.01,
    79.25,
    78.43,
    80.39,
    77.34,
    79.93,
    80.3,
    79.22,
    80.1,
    78.03,
    79.92
  ],
  "best_accuracy": 80.45,
  "percentage": 1.0,
  "combo": "color_0.3"
}