{
  "train_losses": [
    1.4686012257385255,
    1.1453933599090576,
    1.0098189964294433,
    0.9254323534011841,
    0.8652641318798066,
    0.8168560810089112,
    0.7798172052383423,
    0.7421051922607422,
    0.7177311775016785,
    0.6904838841819764,
    0.6652756593513489,
    0.6495308196640015,
    0.629376940422058,
    0.6175500263929367,
    0.6056574940490723,
    0.594131347732544,
    0.580866873550415,
    0.5703141693878174,
    0.5617552348804474,
    0.5521595830821991,
    0.5463286581516266,
    0.5367461712932586,
    0.5275623716545105,
    0.5230658517837524,
    0.5134829199075699,
    0.5068989030647277,
    0.5019838453674317,
    0.49868328954696656,
    0.4941852226448059,
    0.49229416376113894
  ],
  "val_losses": [
    0.01806749983429909,
    0.014923806196451186,
    0.01409707762002945,
    0.012191138401627541,
    0.012997245275974274,
    0.010944379696249961,
    0.010290453600883483,
    0.010470566672086715,
    0.009931457698345185,
    0.009737330719828605,
    0.009731900182366372,
    0.00957130446434021,
    0.009151273372769355,
    0.009247891241312027,
    0.009102529257535935,
    0.008919302064180373,
    0.009471646702289581,
    0.008684679816663265,
    0.00889530719667673,
    0.008998759055137634,
    0.008671517810225488,
    0.009012476667761803,
    0.008692324897646904,
    0.008788301047682762,
    0.008539875270426274,
    0.00867490380704403,
    0.009018580350279809,
    0.008903066617250443,
    0.008423473790287971,
    0.00874380610436201
  ],
  "val_accuracies": [
    58.33,
    66.27,
    68.38,
    72.65,
    70.11,
    75.72,
    77.1,
    76.9,
    78.22,
    78.65,
    78.2,
    79.07,
    80.19,
    79.31,
    80.1,
    80.34,
    79.11,
    80.95,
    80.34,
    80.87,
    80.64,
    80.85,
    81.18,
    81.14,
    81.44,
    81.4,
    81.0,
    80.62,
    81.84,
    81.15
  ],
  "best_accuracy": 81.84,
  "percentage": 1.0,
  "combo": "rotation_deg_15"
}