{
  "train_losses": [
    1.6820519956970215,
    1.4421094750976562,
    1.3467207133102417,
    1.2781067017364502,
    1.233090394935608,
    1.1909313796615602,
    1.1201597564697265,
    1.1180128390884398,
    1.1057400960922241,
    1.0633378326416016,
    1.052300051765442,
    1.0323706313323975,
    1.038975338935852,
    0.9995256200790406,
    0.9975346227645874,
    1.0048076830673218,
    0.9699372253417968,
    0.9969684816741944,
    0.9338353879547119,
    0.9414605026054382,
    0.9206563615226746,
    0.9179512756538392,
    0.9182712899398804,
    0.8683058959007263,
    0.8906613679504395,
    0.9092239545249939,
    0.8737238727378845,
    0.8896677355384827,
    0.9084397586250306,
    0.8759766842842102
  ],
  "val_losses": [
    0.018277729493379594,
    0.015666273611783983,
    0.014682253646850586,
    0.012706711626052856,
    0.012942567151784897,
    0.013979072576761245,
    0.012013596665859222,
    0.011323596635460854,
    0.010594862616062165,
    0.010458999249339103,
    0.010872840777039528,
    0.01004232709109783,
    0.01068307766020298,
    0.010781747058033943,
    0.009823503994941711,
    0.010763955602049827,
    0.009898207688331604,
    0.010054378879070283,
    0.009391813117265701,
    0.010361414644122123,
    0.009283641985058785,
    0.009362221452593803,
    0.0090518574655056,
    0.01042396660745144,
    0.009740097203850747,
    0.009160062927007676,
    0.009675563895702363,
    0.008931625863909722,
    0.009315587750077247,
    0.010235788670182228
  ],
  "val_accuracies": [
    58.03,
    66.05,
    70.3,
    72.47,
    72.73,
    70.33,
    75.0,
    75.97,
    78.31,
    78.24,
    77.5,
    78.88,
    78.81,
    77.39,
    79.24,
    77.84,
    79.58,
    79.14,
    79.45,
    78.78,
    80.83,
    80.55,
    80.04,
    78.41,
    79.33,
    80.23,
    80.05,
    80.83,
    79.88,
    77.38
  ],
  "best_accuracy": 80.83,
  "percentage": 1.0,
  "combo": "none_cutmix"
}