{
  "train_losses": [
    1.3433307720947265,
    1.0114302725410462,
    0.8948440490722657,
    0.817585043964386,
    0.7552169120025635,
    0.7099203594207764,
    0.6732103510665893,
    0.6344755048751831,
    0.6105260095214844,
    0.583022877292633,
    0.5576689776420594,
    0.54445641872406,
    0.5271477489852905,
    0.507780503578186,
    0.49259677426338194,
    0.48334051540374756,
    0.4650986583328247,
    0.4525032975578308,
    0.44761169900894165,
    0.4342494451713562,
    0.42870397884368894,
    0.4170846234369278,
    0.412164052362442,
    0.4048080742263794,
    0.39726491647720336,
    0.3927802679347992,
    0.3886586718940735,
    0.38276982566833495,
    0.37697522466659544,
    0.37393212745666504
  ],
  "val_losses": [
    0.017143428528308868,
    0.014700864124298095,
    0.01269406984746456,
    0.012410885152220726,
    0.010469344663619996,
    0.010356695836782455,
    0.010716227850317955,
    0.010171889570355416,
    0.009990909424424172,
    0.010109435456991195,
    0.010123198238015175,
    0.009213845774531364,
    0.009502905410528183,
    0.008771402540802956,
    0.009855825698375701,
    0.00933245508223772,
    0.008457326224446296,
    0.008715372985601426,
    0.009959709727764129,
    0.008452364972233773,
    0.009080025306344032,
    0.008032585175335408,
    0.008750107020139694,
    0.008651863634586334,
    0.009034131285548211,
    0.0087277539819479,
    0.008487445147335529,
    0.008811436158418656,
    0.008076688419282437,
    0.008663189288973808
  ],
  "val_accuracies": [
    60.18,
    67.09,
    72.77,
    72.62,
    76.57,
    76.88,
    75.6,
    77.9,
    77.42,
    77.85,
    78.52,
    80.07,
    79.01,
    80.75,
    79.27,
    79.3,
    81.4,
    81.19,
    79.2,
    81.53,
    80.86,
    82.77,
    81.19,
    81.32,
    80.84,
    81.44,
    81.79,
    81.51,
    82.63,
    81.82
  ],
  "best_accuracy": 82.77,
  "percentage": 1.0,
  "combo": "flip"
}