{
  "train_losses": [
    1.8936222763061523,
    1.5323102577209473,
    1.4000772499084473,
    1.2735149978637694,
    1.1573547681808471,
    1.0682208960533142,
    0.9954882997512817,
    0.92719773311615,
    0.843272534942627,
    0.8059343057632447,
    0.7173886299133301,
    0.6568751585006714,
    0.6072319962501526,
    0.5432440408468246,
    0.47076202697753905,
    0.43357265784740445,
    0.35114458928108216,
    0.3193592363357544,
    0.32324688329696655,
    0.25309459781646726,
    0.24437104222774506,
    0.20859762716293334,
    0.19689304246902467,
    0.3180356372833252,
    0.21552650517225266,
    0.17346186363697053,
    0.13918678669929505,
    0.1401119453549385,
    0.13341944782733917,
    0.11734602198600769
  ],
  "val_losses": [
    0.026058261024951936,
    0.021900153636932373,
    0.021836171913146973,
    0.020827726948261262,
    0.01930156819820404,
    0.01748476737141609,
    0.01812970063686371,
    0.018450513219833375,
    0.01829466553926468,
    0.017733398354053496,
    0.017572856068611146,
    0.01679561418890953,
    0.019268549662828444,
    0.017325784581899643,
    0.018815832352638246,
    0.018042873746156693,
    0.019224869215488435,
    0.02293312390446663,
    0.018437117046117783,
    0.01935971759557724,
    0.02297687997817993,
    0.026746359753608704,
    0.029562952291965483,
    0.022476586991548538,
    0.025591761243343353,
    0.020516770184040068,
    0.022297422289848327,
    0.025524166816473008,
    0.021717850929498673,
    0.025935855513811112
  ],
  "val_accuracies": [
    40.97,
    49.67,
    47.49,
    53.0,
    55.67,
    60.17,
    59.27,
    58.39,
    58.71,
    61.44,
    61.36,
    63.77,
    60.58,
    64.84,
    62.37,
    63.83,
    62.98,
    60.88,
    65.07,
    65.69,
    60.32,
    60.4,
    57.52,
    61.55,
    60.03,
    65.37,
    65.93,
    64.08,
    65.12,
    62.39
  ],
  "best_accuracy": 65.93,
  "percentage": 0.1,
  "combo": "none"
}