{
  "train_losses": [
    1.8614574283599854,
    1.5504151493072509,
    1.4200882375717163,
    1.3270668540954589,
    1.2627013412475585,
    1.1697600794792176,
    1.1022887210845946,
    1.0339510179519653,
    1.0175898176193237,
    0.9529272596359253,
    0.8769197707176208,
    0.8277055112838745,
    0.8102875854492188,
    0.767289416885376,
    0.7617974811553955,
    0.6957614078521729,
    0.6905926441192627,
    0.6731034132957459,
    0.5950492046356202,
    0.5905313425064087,
    0.5883891101837159,
    0.5308593704223633,
    0.4915764800548553,
    0.4905578461647034,
    0.4461219392776489,
    0.47481871824264527,
    0.4723914554595947,
    0.4003029188156128,
    0.3873424502849579,
    0.3571344582080841
  ],
  "val_losses": [
    0.024164632213115694,
    0.02161734005212784,
    0.02078552656173706,
    0.02082903761267662,
    0.020090044105052947,
    0.01792197036743164,
    0.017326689624786378,
    0.01966010486483574,
    0.01766060273051262,
    0.018225297111272812,
    0.016911572140455244,
    0.017868559658527374,
    0.015426646155118942,
    0.01599280541539192,
    0.018683247715234757,
    0.017217999720573425,
    0.015762000542879104,
    0.016581780958175658,
    0.01673030376434326,
    0.015230383014678954,
    0.015519207179546355,
    0.015946988633275032,
    0.015222926425933838,
    0.014362623164057732,
    0.01732068920135498,
    0.01786065502166748,
    0.01787482491135597,
    0.0193563949406147,
    0.018192936885356902,
    0.01719001769423485
  ],
  "val_accuracies": [
    42.18,
    48.87,
    50.88,
    52.25,
    53.73,
    58.91,
    60.87,
    56.77,
    59.95,
    59.22,
    61.93,
    61.09,
    65.6,
    65.23,
    61.87,
    64.05,
    66.57,
    64.25,
    65.31,
    68.05,
    67.79,
    66.29,
    68.87,
    70.07,
    66.48,
    66.0,
    66.03,
    64.44,
    65.78,
    67.87
  ],
  "best_accuracy": 70.07,
  "percentage": 0.1,
  "combo": "flip"
}