{
  "train_losses": [
    1.9569764726638794,
    1.6438860303878784,
    1.5098283306121827,
    1.4253796325683594,
    1.390620082473755,
    1.2837256015777587,
    1.2378228816986083,
    1.1957647139549255,
    1.1557077657699586,
    1.1265984344482423,
    1.0649476359367371,
    1.0062439046859741,
    0.9815384340286255,
    0.9465908365249633,
    0.9069897424697876,
    0.8694902647018432,
    0.8410055519104004,
    0.8538453973770141,
    0.7896705072402954,
    0.823724220085144,
    0.7717736827850342,
    0.7202415039539337,
    0.7118065849304199,
    0.6764522889137268,
    0.641314474773407,
    0.6390961121559143,
    0.6022296103477478,
    0.5910470567703247,
    0.5747205109596253,
    0.5369091472625732
  ],
  "val_losses": [
    0.026231937789916993,
    0.02560044928789139,
    0.021385083317756653,
    0.0224587061047554,
    0.020657725751399993,
    0.01914038317799568,
    0.019386569947004318,
    0.018038949114084244,
    0.01813330358862877,
    0.018357843935489653,
    0.017550103181600572,
    0.01695437340736389,
    0.021989386653900145,
    0.016383247780799866,
    0.017017881882190704,
    0.016058393371105192,
    0.017808429330587388,
    0.01642544283270836,
    0.016725615513324736,
    0.016998840647935866,
    0.016245436066389084,
    0.01616300713419914,
    0.015600906884670258,
    0.016783686977624893,
    0.01726799818277359,
    0.016149517863988876,
    0.01609151031970978,
    0.01568261821269989,
    0.015227938854694367,
    0.016666918390989303
  ],
  "val_accuracies": [
    37.38,
    42.51,
    49.09,
    47.82,
    51.94,
    55.1,
    55.03,
    58.24,
    59.04,
    58.07,
    60.17,
    60.78,
    54.2,
    63.17,
    62.21,
    64.56,
    62.48,
    63.5,
    63.62,
    62.84,
    64.48,
    65.96,
    65.95,
    65.07,
    64.16,
    66.63,
    66.31,
    67.36,
    67.4,
    66.95
  ],
  "best_accuracy": 67.4,
  "percentage": 0.1,
  "combo": "rotation_deg_15"
}