{
  "train_losses": [
    1.993489673614502,
    1.6316935195922853,
    1.4769429969787597,
    1.3780106094360351,
    1.280953366279602,
    1.1760771085739137,
    1.1376813137054442,
    1.0706789253234863,
    1.0077213390350341,
    0.953018713760376,
    0.8870970264434814,
    0.8532651645660401,
    0.8001055021286011,
    0.7155888192176819,
    0.6798310552597046,
    0.6627069402694702,
    0.5950196859359741,
    0.539385091495514,
    0.5246997469425202,
    0.44035699434280395,
    0.44124268341064454,
    0.4052533344268799,
    0.352080805015564,
    0.34858436243534086,
    0.3115075598716736,
    0.25477944140434267,
    0.28049327206611635,
    0.23345279545783998,
    0.23342352108955383,
    0.19852897958755494
  ],
  "val_losses": [
    0.026765959584712982,
    0.02213613679409027,
    0.020804708099365233,
    0.019785855519771575,
    0.02120978918671608,
    0.018956355619430543,
    0.01810774912238121,
    0.018389280676841736,
    0.017416824507713317,
    0.018119076883792877,
    0.01780000885128975,
    0.018897473746538163,
    0.016925167351961135,
    0.016471231919527055,
    0.019146500676870345,
    0.018790177190303802,
    0.018145592403411865,
    0.01918547303080559,
    0.0181034721493721,
    0.01877124384045601,
    0.019134164398908617,
    0.01902404574751854,
    0.021680320036411287,
    0.02019668784737587,
    0.02067858571410179,
    0.023821661806106568,
    0.0203281230032444,
    0.021573312169313432,
    0.021462726217508315,
    0.02216301461458206
  ],
  "val_accuracies": [
    37.44,
    48.07,
    51.04,
    55.65,
    52.47,
    56.53,
    58.34,
    59.09,
    60.86,
    60.24,
    60.14,
    59.05,
    63.31,
    64.08,
    60.37,
    60.85,
    61.92,
    61.75,
    63.63,
    64.05,
    63.66,
    63.19,
    62.27,
    62.97,
    63.28,
    59.87,
    64.73,
    63.53,
    64.15,
    63.32
  ],
  "best_accuracy": 64.73,
  "percentage": 0.1,
  "combo": "color_0.3"
}