{
  "train_losses": [
    2.0094768394470215,
    1.711380340194702,
    1.6180581281661988,
    1.524039841079712,
    1.4686310356140138,
    1.4361068470001221,
    1.398053342628479,
    1.345521646118164,
    1.3151829254150391,
    1.2648067810058594,
    1.2375116956710814,
    1.2104387649536132,
    1.2046687561035156,
    1.132638272666931,
    1.1309075805664062,
    1.1006897018432618,
    1.097933574295044,
    1.0712820390701294,
    1.0565040260314942,
    1.0618418033599855,
    1.0072028541564941,
    0.9930265232086182,
    0.9820487813949585,
    0.9644177360534668,
    0.9374017316818237,
    0.8961793729782105,
    0.911165281867981,
    0.8581166460990906,
    0.8442890201568604,
    0.8544519536972046
  ],
  "val_losses": [
    0.02545819368362427,
    0.023824614942073823,
    0.022721229887008667,
    0.02173640776872635,
    0.021304465889930724,
    0.020911897397041322,
    0.021108208167552947,
    0.01957673726081848,
    0.02055279259085655,
    0.01899270569086075,
    0.019416177558898927,
    0.018948198181390763,
    0.017492087215185165,
    0.017514496570825575,
    0.017390340662002565,
    0.017597719353437423,
    0.017007489222288133,
    0.016729954212903977,
    0.017334918147325514,
    0.016550555223226546,
    0.016731928837299348,
    0.017385642206668855,
    0.01600924037694931,
    0.016168956053256987,
    0.016086173361539842,
    0.016535757261514662,
    0.015998081529140472,
    0.01612147023677826,
    0.01560185387134552,
    0.015611186212301254
  ],
  "val_accuracies": [
    40.28,
    43.64,
    46.56,
    48.86,
    50.13,
    51.91,
    52.19,
    54.88,
    52.63,
    56.6,
    55.12,
    56.14,
    60.41,
    60.07,
    60.22,
    59.78,
    61.1,
    61.94,
    61.15,
    62.97,
    62.51,
    60.78,
    64.56,
    64.07,
    64.33,
    62.75,
    64.79,
    64.53,
    65.44,
    65.67
  ],
  "best_accuracy": 65.67,
  "percentage": 0.1,
  "combo": "rotation_deg_30"
}