{
  "train_losses": [
    1.9028377151870728,
    1.6368219716644288,
    1.5992317657089234,
    1.4841876733779906,
    1.456112327041626,
    1.3954935467910767,
    1.328232664527893,
    1.3815300686645509,
    1.3033121253967286,
    1.270881489868164,
    1.2388502836227417,
    1.1782663235282897,
    1.2399872032546997,
    1.1614778732681275,
    1.1303433693313598,
    1.0922912098312378,
    1.1290867458724976,
    1.1007238060188294,
    1.1048760004234315,
    1.0473622227859498,
    0.9896265306854248,
    0.9944875940322876,
    1.0195094219684602,
    1.0018085203933715,
    1.0520427152442933,
    0.8225803994560241,
    0.8900015834808349,
    0.8874902582931519,
    0.9171905600357055,
    0.8814729142761231
  ],
  "val_losses": [
    0.02248956481218338,
    0.020906975603103638,
    0.01886130341887474,
    0.017877215957641603,
    0.017452921336889266,
    0.017990480881929397,
    0.015980651092529295,
    0.014411619824171067,
    0.01565649287700653,
    0.014521285039186477,
    0.013357274514436721,
    0.013935853046178817,
    0.01340791883468628,
    0.013087664532661438,
    0.013881236785650253,
    0.012642246729135513,
    0.012541022127866746,
    0.014581995916366577,
    0.013040024000406266,
    0.012867414781451226,
    0.012632839927077293,
    0.01260856780409813,
    0.012887602466344834,
    0.012357890927791595,
    0.012508583450317383,
    0.012139343985915183,
    0.012464875078201295,
    0.012796102207899094,
    0.012672913408279418,
    0.012963513115048408
  ],
  "val_accuracies": [
    47.93,
    53.59,
    56.86,
    59.24,
    61.59,
    59.32,
    64.56,
    68.06,
    66.34,
    68.39,
    70.6,
    71.76,
    70.54,
    71.1,
    72.03,
    72.0,
    72.47,
    68.58,
    71.58,
    71.82,
    72.49,
    73.54,
    72.49,
    73.23,
    72.9,
    73.87,
    72.69,
    72.5,
    73.18,
    72.42
  ],
  "best_accuracy": 73.87,
  "percentage": 0.25,
  "combo": "none_cutmix"
}