{
  "train_losses": [
    1.779368349685669,
    1.5098907256698608,
    1.3956970621490479,
    1.3296683641815186,
    1.2613421282196045,
    1.224590986366272,
    1.1763517211532593,
    1.1347769102478027,
    1.103630751991272,
    1.067710380859375,
    1.0503303863716125,
    1.010388834400177,
    0.9905931685638427,
    0.9702199389266968,
    0.9531329636001586,
    0.9158164640426636,
    0.9020262661170959,
    0.8806062467765808,
    0.8707786529350281,
    0.8488674723052978,
    0.8232748759841919,
    0.8102842763519287,
    0.7942475282669067,
    0.7776659079360962,
    0.7760329565238953,
    0.7602812112808227,
    0.7389720155525208,
    0.727071136341095,
    0.7178157062149048,
    0.6896431622314453
  ],
  "val_losses": [
    0.0223696448802948,
    0.020677442729473115,
    0.0196186732172966,
    0.018643289583921432,
    0.01775461735725403,
    0.016704649257659913,
    0.016464074122905733,
    0.015979744833707808,
    0.015864688503742216,
    0.015502852547168731,
    0.015603457552194595,
    0.014766474097967148,
    0.013737340193986893,
    0.013978820544481277,
    0.014041093969345093,
    0.01425989653468132,
    0.013809168130159378,
    0.014390694969892502,
    0.013385882887244224,
    0.013690255630016327,
    0.013176276022195815,
    0.01273632769882679,
    0.012732769191265106,
    0.013133486399054527,
    0.013250375878810882,
    0.012979863166809082,
    0.012732502514123917,
    0.012782651817798614,
    0.01337516778409481,
    0.012643389704823494
  ],
  "val_accuracies": [
    47.63,
    51.72,
    54.92,
    55.33,
    59.24,
    61.55,
    62.45,
    63.21,
    63.83,
    64.13,
    64.37,
    67.12,
    69.1,
    68.56,
    68.83,
    68.49,
    70.1,
    68.55,
    70.21,
    69.88,
    70.26,
    71.79,
    72.28,
    71.55,
    70.93,
    71.87,
    72.93,
    72.18,
    71.47,
    73.3
  ],
  "best_accuracy": 73.3,
  "percentage": 0.25,
  "combo": "rotation_deg_30"
}