{
  "train_losses": [
    1.7196246089935303,
    1.3795483859443665,
    1.212559715309143,
    1.0895657886505128,
    0.9958903490829468,
    0.9170198037719727,
    0.8632671500015259,
    0.8128832899284363,
    0.7415685200500488,
    0.697939946269989,
    0.6594656690883637,
    0.5947468026638031,
    0.5667708981895446,
    0.5287300638580322,
    0.485245344581604,
    0.4290503914451599,
    0.38736258672714236,
    0.38833918206214907,
    0.339154168548584,
    0.31410176151275637,
    0.27384255196094515,
    0.27639420984268187,
    0.2469227492618561,
    0.23418803007125855,
    0.24093992703437805,
    0.20140706133842468,
    0.19118972156405448,
    0.1759429140996933,
    0.18494268810272216,
    0.1581738677406311
  ],
  "val_losses": [
    0.02498270137310028,
    0.01914258233308792,
    0.017598309630155563,
    0.0164034154355526,
    0.016375358372926713,
    0.015300383335351943,
    0.01608611488342285,
    0.014809119564294815,
    0.015040636390447617,
    0.015299740344285965,
    0.01554934333562851,
    0.01338920385837555,
    0.01435867998600006,
    0.013753206440806388,
    0.013767573857307433,
    0.014421164038777351,
    0.01521668147444725,
    0.015574091553688049,
    0.01569814920425415,
    0.01600565052330494,
    0.018433067655563354,
    0.015283130353689193,
    0.015663558501005172,
    0.01563583687543869,
    0.01706217783689499,
    0.01821366389989853,
    0.016292047795653342,
    0.016557877457141875,
    0.01690113369822502,
    0.018498996073007583
  ],
  "val_accuracies": [
    43.9,
    55.46,
    59.74,
    63.07,
    63.13,
    66.0,
    64.36,
    66.6,
    68.01,
    67.3,
    68.41,
    71.85,
    71.07,
    70.95,
    70.89,
    71.24,
    71.11,
    69.84,
    70.87,
    69.97,
    68.62,
    72.16,
    72.06,
    71.54,
    70.8,
    69.93,
    72.64,
    72.35,
    72.01,
    70.72
  ],
  "best_accuracy": 72.64,
  "percentage": 0.25,
  "combo": "color_0.2"
}