{
  "train_losses": [
    1.9377837456512452,
    1.7126735790634156,
    1.6451537908935547,
    1.5829867584228516,
    1.5388092565917968,
    1.5048707900238036,
    1.4712353366088866,
    1.453610897216797,
    1.431208843421936,
    1.3927820977401733,
    1.38020266746521,
    1.3459251738739013,
    1.346924447555542,
    1.3011956158828735,
    1.2885981922149659,
    1.2811622304153443,
    1.2479042556762696,
    1.2356261425590516,
    1.2285614017868043,
    1.2197327767181396,
    1.1937229061508179,
    1.181407039833069,
    1.1713657985305785,
    1.171394614944458,
    1.1448636548995972,
    1.1383890255737306,
    1.1301472079086303,
    1.1244825668144227,
    1.1103542301177978,
    1.0831446046066284
  ],
  "val_losses": [
    0.025888330602645875,
    0.02412739155292511,
    0.024894539618492126,
    0.02246974151134491,
    0.022604481399059295,
    0.021209186911582946,
    0.021321961343288422,
    0.02053620363473892,
    0.02047740116119385,
    0.020073461961746215,
    0.018926602417230605,
    0.01978143289089203,
    0.019394236779212953,
    0.019049750983715058,
    0.01856386979222298,
    0.01826066082715988,
    0.018254796260595323,
    0.018442868953943252,
    0.01784621725678444,
    0.01712472798228264,
    0.017176249557733534,
    0.01808259596824646,
    0.016622979742288588,
    0.017034893530607224,
    0.017490804427862168,
    0.017888042932748795,
    0.01698238670825958,
    0.01719260596036911,
    0.01632717692255974,
    0.016369902378320693
  ],
  "val_accuracies": [
    39.34,
    44.56,
    40.9,
    48.33,
    47.43,
    51.08,
    51.06,
    52.55,
    52.46,
    53.88,
    56.52,
    54.41,
    56.49,
    56.12,
    57.28,
    57.95,
    57.82,
    58.4,
    60.0,
    61.86,
    61.08,
    59.43,
    62.31,
    62.12,
    60.99,
    59.85,
    62.18,
    62.23,
    63.13,
    63.87
  ],
  "best_accuracy": 63.87,
  "percentage": 0.25,
  "combo": "rotation_deg_90"
}