{
  "train_losses": [
    1.6820743519210815,
    1.3625139781188964,
    1.2275684456634521,
    1.1400380909347534,
    1.0638934089279175,
    1.0269721839904786,
    0.9875685095596314,
    0.9436314213371277,
    0.9114470576858521,
    0.8900460773468017,
    0.8519652564239502,
    0.8304168861198425,
    0.8030214139938354,
    0.7955468980407715,
    0.7627331640434265,
    0.7443644376754761,
    0.7359846954345703,
    0.7168669490051269,
    0.6917030067825317,
    0.6729948853492737,
    0.6577815318870545,
    0.6503858142280579,
    0.6424886888504028,
    0.6273876545333862,
    0.6155743560791016,
    0.6029357367706298,
    0.5917693741226197,
    0.5805476200485229,
    0.5700143954086304,
    0.5592032889938354
  ],
  "val_losses": [
    0.02221689273118973,
    0.01790287058353424,
    0.016316247379779814,
    0.01601386638879776,
    0.013888033413887025,
    0.014590886056423186,
    0.013160680675506593,
    0.013015694892406464,
    0.013208894836902619,
    0.014674483942985535,
    0.01188227750658989,
    0.01225786011517048,
    0.011567073509097098,
    0.011210195523500442,
    0.0109603360414505,
    0.011157382613420487,
    0.010777753633260726,
    0.01124148871600628,
    0.010675441402196884,
    0.0106412005931139,
    0.009672483065724373,
    0.010203793942928314,
    0.010125688979029655,
    0.010497551855444908,
    0.010618225556612015,
    0.009831252555549145,
    0.010553934344649315,
    0.009890609550476074,
    0.010299292498826981,
    0.010659056022763251
  ],
  "val_accuracies": [
    48.93,
    58.71,
    62.59,
    63.1,
    69.15,
    67.53,
    70.73,
    71.02,
    70.39,
    68.14,
    73.72,
    72.88,
    74.45,
    74.94,
    75.87,
    75.09,
    76.33,
    75.61,
    76.63,
    76.59,
    78.83,
    78.04,
    77.86,
    77.23,
    76.88,
    78.83,
    77.01,
    78.19,
    77.26,
    77.99
  ],
  "best_accuracy": 78.83,
  "percentage": 0.5,
  "combo": "crop"
}