{
  "train_losses": [
    1.503178712234497,
    1.1524539797973632,
    1.0210294651031495,
    0.9347121337890625,
    0.8709214688491821,
    0.8112360056686402,
    0.7719727765464782,
    0.729222797756195,
    0.7084723512649536,
    0.6704423840904236,
    0.64652277759552,
    0.6103745638275146,
    0.5901731350135804,
    0.5678401056671143,
    0.5421619708824158,
    0.5264475532341003,
    0.5114464353179932,
    0.4837278459739685,
    0.4650970845222473,
    0.4490652442216873,
    0.4401317076396942,
    0.4156939762687683,
    0.4118406395673752,
    0.3957417451286316,
    0.3829714100074768,
    0.3663730241012573,
    0.36364253235816957,
    0.3457161633682251,
    0.34202755165100096,
    0.34162605573654176
  ],
  "val_losses": [
    0.018459414774179457,
    0.017264685648679733,
    0.014405551654100419,
    0.013710444158315658,
    0.013434137505292893,
    0.012720991736650467,
    0.013629285842180252,
    0.011771024152636528,
    0.01113694671690464,
    0.01212818709909916,
    0.011011693078279495,
    0.011472247725725174,
    0.01054481524527073,
    0.010581200733780861,
    0.010576677051186562,
    0.010345050090551377,
    0.009886395108699798,
    0.010844637978076934,
    0.010309741231799126,
    0.01109526432454586,
    0.01079225322008133,
    0.010683802357316018,
    0.010856409680843353,
    0.010376309269666671,
    0.01056837497651577,
    0.010149762040376663,
    0.01023594275712967,
    0.010833908414840698,
    0.01118753744661808,
    0.010390166208148003
  ],
  "val_accuracies": [
    57.98,
    60.46,
    67.03,
    68.75,
    70.14,
    71.6,
    70.04,
    74.64,
    74.81,
    73.49,
    75.32,
    75.26,
    76.58,
    76.91,
    77.0,
    77.61,
    78.5,
    76.74,
    77.95,
    77.09,
    77.41,
    77.81,
    77.74,
    78.73,
    78.18,
    78.54,
    78.45,
    78.25,
    77.23,
    78.68
  ],
  "best_accuracy": 78.73,
  "percentage": 0.5,
  "combo": "flip"
}