{
  "train_losses": [
    1.609258837890625,
    1.2401731831741334,
    1.0911139081192016,
    0.976911831741333,
    0.9107656959152222,
    0.8410207095146179,
    0.7917879183578491,
    0.7339090243339539,
    0.6942119737815857,
    0.6396265116310119,
    0.6156015992355347,
    0.5696752563095093,
    0.5429524918365478,
    0.5055403715515137,
    0.47971891497612,
    0.44740433349609376,
    0.42619717140197755,
    0.39786718240737917,
    0.3800640920829773,
    0.354033082780838,
    0.3298496230506897,
    0.3197135878658295,
    0.3116194618797302,
    0.2849811133766174,
    0.2810105415534973,
    0.2548267778778076,
    0.2593381281757355,
    0.25289528994083404,
    0.2423698594427109,
    0.23087045442581178
  ],
  "val_losses": [
    0.01968470162153244,
    0.01679767587184906,
    0.015443960946798325,
    0.013560029786825181,
    0.013351060318946839,
    0.014010833364725113,
    0.012456128066778182,
    0.012383684885501862,
    0.011635692691802979,
    0.011311910936236381,
    0.011803164666891098,
    0.011557308459281922,
    0.011660439625382423,
    0.011491383320093154,
    0.012068766629695893,
    0.012024894341826438,
    0.013644643485546112,
    0.013400832530856133,
    0.012170463353395462,
    0.01411877870261669,
    0.013745242318511009,
    0.01446693450510502,
    0.012534513410925865,
    0.015283319517970085,
    0.01372381776869297,
    0.01399300511777401,
    0.013578887203335763,
    0.01470631405711174,
    0.014206177628040315,
    0.014470247054100037
  ],
  "val_accuracies": [
    54.2,
    62.18,
    66.24,
    69.7,
    70.93,
    69.69,
    72.26,
    73.27,
    74.65,
    75.55,
    74.47,
    74.51,
    74.6,
    76.06,
    75.05,
    75.53,
    73.11,
    73.3,
    76.06,
    73.93,
    74.56,
    73.62,
    75.99,
    72.8,
    75.45,
    74.56,
    75.2,
    74.04,
    74.91,
    75.17
  ],
  "best_accuracy": 76.06,
  "percentage": 0.5,
  "combo": "color_0.2"
}