{
  "train_losses": [
    2.13110678024292,
    1.8535824588775636,
    1.7159191255569457,
    1.654713254547119,
    1.6320279771804809,
    1.6202041070938111,
    1.5994066646575928,
    1.5801108245849609,
    1.4812536457061767,
    1.503707578277588,
    1.4256016157150269,
    1.431431519126892,
    1.3987523635864259,
    1.4259955589294433,
    1.4334213081359863,
    1.337154458618164,
    1.4012494785308838,
    1.299969778251648,
    1.376879071044922,
    1.3426810333251953,
    1.2199120347976684,
    1.2736153354644775,
    1.2567028736114503,
    1.2243368576049805,
    1.206359255504608,
    1.2783485063552857,
    1.205721667098999,
    1.1318741284370422,
    1.1696083435058593,
    1.1026294765472413
  ],
  "val_losses": [
    0.026061228215694426,
    0.02499714859724045,
    0.02244450522661209,
    0.024063747096061707,
    0.01974794200658798,
    0.02207840849161148,
    0.019309031981229782,
    0.019437615156173708,
    0.018825238180160523,
    0.017985651469230653,
    0.017803405398130415,
    0.01702851169705391,
    0.01688423570394516,
    0.016059205800294876,
    0.017289231169223786,
    0.016757702058553696,
    0.016590153670310973,
    0.01644218148589134,
    0.01611322376728058,
    0.018006632232666017,
    0.017143272566795348,
    0.014914332789182663,
    0.017967332583665847,
    0.015124990743398667,
    0.014978185319900512,
    0.014805332267284393,
    0.015616895067691802,
    0.014973937606811524,
    0.015787595689296722,
    0.01583561858534813
  ],
  "val_accuracies": [
    40.22,
    41.42,
    49.21,
    45.05,
    55.26,
    51.65,
    56.39,
    55.19,
    58.52,
    60.75,
    61.41,
    61.31,
    63.77,
    63.98,
    60.9,
    62.43,
    65.54,
    63.2,
    64.78,
    60.62,
    61.61,
    67.16,
    58.89,
    67.18,
    66.86,
    66.14,
    66.35,
    67.53,
    65.27,
    64.83
  ],
  "best_accuracy": 67.53,
  "percentage": 0.1,
  "combo": "flip_cutmix"
}