{
  "train_losses": [
    1.9743161916732788,
    1.7174616718292237,
    1.599214518737793,
    1.533894020843506,
    1.485781854248047,
    1.4297035926818848,
    1.3737883138656617,
    1.3612661445617675,
    1.2956283987045287,
    1.259967004585266,
    1.250377611541748,
    1.2127437566757202,
    1.1793891902923583,
    1.1899616706848144,
    1.1491720849990845,
    1.09172882938385,
    1.0964188081741333,
    1.0624977916717528,
    1.0619757905960083,
    1.0468659954071045,
    1.0273504947662353,
    1.00807268781662,
    0.9765367938995362,
    0.9846929767608642,
    0.9843986555099488,
    0.9646496841430664,
    0.9870608472824096,
    0.930765463256836,
    0.9170734842300415,
    0.9101789848327637
  ],
  "val_losses": [
    0.026050433623790743,
    0.024254209637641907,
    0.023887569987773895,
    0.023768633699417115,
    0.02041267169713974,
    0.021482911360263826,
    0.019687073165178298,
    0.019527990359067916,
    0.018274496579170227,
    0.01811390118598938,
    0.01841701098680496,
    0.017196208935976027,
    0.02305905601978302,
    0.017836607021093367,
    0.017670965534448625,
    0.016238554745912553,
    0.016131723695993423,
    0.016705766320228577,
    0.01715029539465904,
    0.015918250846862794,
    0.01568309372663498,
    0.015449479198455811,
    0.015087466806173325,
    0.015619208067655564,
    0.01703983548283577,
    0.01666742511987686,
    0.014744770735502243,
    0.014414828568696976,
    0.01696239370107651,
    0.016123178493976594
  ],
  "val_accuracies": [
    38.71,
    40.76,
    45.2,
    45.53,
    51.02,
    49.42,
    54.5,
    54.52,
    56.45,
    57.65,
    56.81,
    60.76,
    49.78,
    58.94,
    59.82,
    62.33,
    62.57,
    62.2,
    61.19,
    63.56,
    64.56,
    65.54,
    65.47,
    64.8,
    63.0,
    62.85,
    67.64,
    67.7,
    62.91,
    64.2
  ],
  "best_accuracy": 67.7,
  "percentage": 0.1,
  "combo": "flip_crop"
}