{
  "train_losses": [
    2.1302232147216795,
    1.843033617401123,
    1.7419827228546143,
    1.6590085344314576,
    1.6240886234283447,
    1.5687216020584107,
    1.5363936517715455,
    1.482613292312622,
    1.4392832122802734,
    1.4351342626571655,
    1.3754952299118042,
    1.344657297515869,
    1.2945369956970214,
    1.2607148891448974,
    1.2635108636856078,
    1.2246889656066895,
    1.1996258975982665,
    1.178239839744568,
    1.1606226037979126,
    1.1437037944793702,
    1.1593710983276366,
    1.127710228252411,
    1.0793906618118285,
    1.0713984754562378,
    1.0548576332092285,
    1.038801047515869,
    1.0282483737945556,
    1.031145139503479,
    0.9918832453250885,
    0.9787305690765381
  ],
  "val_losses": [
    0.028899234807491302,
    0.026695178687572478,
    0.025960826909542083,
    0.022985835409164428,
    0.021083785307407378,
    0.021052726900577544,
    0.021989268100261687,
    0.020892108368873598,
    0.022374427938461304,
    0.01856563326716423,
    0.018097760915756225,
    0.01819461795091629,
    0.01857324311733246,
    0.018748156774044036,
    0.01794616655707359,
    0.018056256085634232,
    0.01737880266904831,
    0.01885818499326706,
    0.01626744678616524,
    0.016236133497953414,
    0.016176053136587144,
    0.01584641571044922,
    0.015670478636026382,
    0.015431177562475204,
    0.01711351310014725,
    0.015185491174459458,
    0.01536489287018776,
    0.016750340783596038,
    0.014829524385929108,
    0.015331485921144486
  ],
  "val_accuracies": [
    31.89,
    36.29,
    40.31,
    46.38,
    50.36,
    51.23,
    49.15,
    51.31,
    49.91,
    57.03,
    58.52,
    58.97,
    57.04,
    56.81,
    58.69,
    58.38,
    60.66,
    57.97,
    63.08,
    62.04,
    62.78,
    63.69,
    64.3,
    64.94,
    62.01,
    65.96,
    65.74,
    63.05,
    66.07,
    65.21
  ],
  "best_accuracy": 66.07,
  "percentage": 0.1,
  "combo": "color_crop"
}