{
  "train_losses": [
    1.5941856841278077,
    1.313632142829895,
    1.1803231983566285,
    1.0937886467742919,
    1.0335524333190917,
    0.9660202982711792,
    0.935571548690796,
    0.9001374736404419,
    0.8652960906219482,
    0.843299506263733,
    0.8186196217536926,
    0.7944618565750122,
    0.778030054473877,
    0.758798351726532,
    0.7473706554031372,
    0.7336610818099976,
    0.725601274394989,
    0.7126351115989685,
    0.6995719208216667,
    0.6940297939682006,
    0.6829165800857544,
    0.6732956322288514,
    0.6676985166835785,
    0.6604879325866699,
    0.652467234992981,
    0.652961706943512,
    0.6434837650299072,
    0.6369768521881104,
    0.6427386461067199,
    0.6283909016036987
  ],
  "val_losses": [
    0.01997477422952652,
    0.016240684485435485,
    0.014961498409509659,
    0.014196157443523406,
    0.013218700382113457,
    0.012519721004366874,
    0.011774990361928939,
    0.010895241591334343,
    0.010792758041620255,
    0.010924277886748313,
    0.010090670189261436,
    0.010899969163537025,
    0.010000831627845765,
    0.01105603912472725,
    0.010526901096105575,
    0.009371511828899384,
    0.010000893500447272,
    0.009459629029035568,
    0.00988395262658596,
    0.009085836958885193,
    0.009301792278885841,
    0.009220583501458168,
    0.008935547399520873,
    0.008672472311556339,
    0.009138382491469383,
    0.009390364602208138,
    0.008521893200278283,
    0.009381997817754745,
    0.008655288484692573,
    0.009132156220078468
  ],
  "val_accuracies": [
    51.62,
    62.7,
    65.59,
    66.77,
    70.83,
    71.91,
    74.06,
    75.77,
    75.84,
    75.77,
    77.3,
    75.79,
    78.18,
    75.57,
    77.1,
    79.61,
    77.82,
    79.51,
    78.56,
    80.2,
    79.67,
    80.07,
    80.57,
    81.18,
    80.07,
    79.56,
    80.91,
    79.51,
    80.65,
    80.05
  ],
  "best_accuracy": 81.18,
  "percentage": 1.0,
  "combo": "rotation_crop"
}