{
  "train_losses": [
    1.774544540939331,
    1.537582299118042,
    1.4208288217544556,
    1.3724191838073732,
    1.32726587184906,
    1.258277782974243,
    1.2102318265914918,
    1.2085754039001464,
    1.1812773605728148,
    1.1419897328186035,
    1.142201474685669,
    1.1084723304748536,
    1.114646118774414,
    1.0713970930862426,
    1.0859943733978272,
    1.0685900971984863,
    1.0635570432281494,
    1.0576959219360351,
    1.0196366096496583,
    1.003163647146225,
    1.0294855876159668,
    1.011319348335266,
    0.9999367430114746,
    0.9585105008888245,
    0.9872275447845459,
    0.9819025428771972,
    0.9465195993423462,
    0.9870551574707032,
    0.9620131322860718,
    0.9501770632934571
  ],
  "val_losses": [
    0.018048780852556227,
    0.016841990154981612,
    0.015047870540618897,
    0.013871865803003312,
    0.01267760438323021,
    0.012241614013910294,
    0.011699410665035248,
    0.011784760600328445,
    0.011065947967767716,
    0.012098665106296539,
    0.011012864661216737,
    0.011153024119138717,
    0.01033940013051033,
    0.01018293832540512,
    0.009983657082915307,
    0.01024807574748993,
    0.00990003145635128,
    0.009666888138651847,
    0.010038778331875801,
    0.00967029054760933,
    0.010013520702719688,
    0.01083649077117443,
    0.009613039669394493,
    0.010023312601447105,
    0.009887349012494087,
    0.009121121737360955,
    0.010709913501143456,
    0.009676519626379013,
    0.009643928185105323,
    0.009671328425407409
  ],
  "val_accuracies": [
    59.56,
    62.26,
    68.67,
    71.26,
    73.45,
    73.7,
    75.16,
    75.04,
    76.77,
    76.17,
    76.21,
    77.36,
    78.55,
    79.04,
    78.62,
    79.73,
    78.95,
    80.18,
    78.4,
    80.29,
    78.71,
    77.67,
    79.83,
    79.8,
    80.54,
    80.64,
    79.59,
    79.82,
    79.33,
    79.86
  ],
  "best_accuracy": 80.64,
  "percentage": 1.0,
  "combo": "color_0.3_cutmix"
}