{
  "train_losses": [
    1.4741131983757019,
    1.1507679998016358,
    1.0250243770599365,
    0.9478610712242126,
    0.8837199975967407,
    0.8466711422729493,
    0.803935936050415,
    0.7743160049057007,
    0.7552927353096008,
    0.7287734820175171,
    0.7061314130020142,
    0.6934660007286072,
    0.6738372532653809,
    0.6573970444488525,
    0.6457053108978271,
    0.6362946949005127,
    0.6252572476005555,
    0.6170562055778503,
    0.6067301153755188,
    0.600659123840332,
    0.5915977046203613,
    0.5820698576164246,
    0.58022145570755,
    0.5766036853981018,
    0.5712650199890137,
    0.5625226825904847,
    0.561162726650238,
    0.5532437940597534,
    0.5526842720031738,
    0.5427183196830749
  ],
  "val_losses": [
    0.02061405239701271,
    0.015328829848766327,
    0.01432492835521698,
    0.012022637981176377,
    0.01179925691485405,
    0.011372926998138428,
    0.010890855211019516,
    0.010601249307394027,
    0.009955485445261002,
    0.009982207655906678,
    0.009707525092363358,
    0.009568450695276261,
    0.008945722085237503,
    0.009420807746052742,
    0.008964641889929771,
    0.008856844615936279,
    0.008468004435300828,
    0.008668345254659652,
    0.008391578900814057,
    0.00881604215502739,
    0.008378125876188278,
    0.008754069045186042,
    0.008610382485389709,
    0.00817794953584671,
    0.008558395093679429,
    0.008786297631263732,
    0.008317777742445468,
    0.008658034989237786,
    0.008985465210676193,
    0.008014229959249497
  ],
  "val_accuracies": [
    53.98,
    65.57,
    68.49,
    73.42,
    74.24,
    75.36,
    75.91,
    76.71,
    78.2,
    77.97,
    79.16,
    78.82,
    80.35,
    79.59,
    80.31,
    80.6,
    81.46,
    81.01,
    81.75,
    81.13,
    81.85,
    80.77,
    81.33,
    82.03,
    80.93,
    81.19,
    81.85,
    81.41,
    80.68,
    82.54
  ],
  "best_accuracy": 82.54,
  "percentage": 1.0,
  "combo": "flip_rotation"
}