{
  "train_losses": [
    1.7054860194015502,
    1.480935259399414,
    1.3592914260101319,
    1.289252939491272,
    1.2622592017364502,
    1.2183076208877563,
    1.1621670518112182,
    1.1682969253158568,
    1.1171199559402465,
    1.0991675445556641,
    1.0939538356018066,
    1.0649852966594695,
    1.05067141456604,
    1.0463690589523316,
    1.0311188626670837,
    1.052668917617798,
    1.0158220314025879,
    1.0391207502174378,
    1.000718997077942,
    0.9781419421768188,
    0.9861321806335449,
    0.9857605459785461,
    0.9894787177276612,
    0.9293863198852539,
    0.9589065480422974,
    0.957959130935669,
    0.9181267472457886,
    0.9457644200134278,
    0.9460804611968994,
    0.9540001119995117
  ],
  "val_losses": [
    0.018246998864412306,
    0.015316105991601945,
    0.015227256911993026,
    0.012798006588220596,
    0.012610988986492157,
    0.011344670674204827,
    0.011968619480729104,
    0.010702117598056794,
    0.011237151145935058,
    0.01082116068303585,
    0.010814479711651802,
    0.010558273589611053,
    0.01047584593296051,
    0.011005206227302552,
    0.009477626433968545,
    0.0104453213006258,
    0.009691511341929436,
    0.009527326080203057,
    0.009831289237737656,
    0.00974583875834942,
    0.009286033910512925,
    0.009622533336281776,
    0.009054403990507125,
    0.009594913813471793,
    0.009464894741773606,
    0.00908669390976429,
    0.009360310512781142,
    0.008900811362266541,
    0.008780795004963874,
    0.009095907196402549
  ],
  "val_accuracies": [
    56.87,
    66.77,
    67.33,
    72.15,
    74.04,
    76.47,
    74.99,
    77.61,
    78.0,
    78.22,
    78.67,
    79.1,
    78.38,
    77.42,
    79.91,
    78.93,
    79.67,
    80.27,
    79.06,
    79.96,
    81.24,
    79.66,
    80.61,
    78.89,
    80.12,
    80.13,
    81.32,
    82.07,
    81.31,
    80.64
  ],
  "best_accuracy": 82.07,
  "percentage": 1.0,
  "combo": "flip_cutmix"
}