{
  "train_losses": [
    1.3444474143981933,
    0.9953510284805298,
    0.8671109794998169,
    0.7760715290832519,
    0.7132012004470826,
    0.6529157706832885,
    0.6029868565559388,
    0.5651145397520065,
    0.5288836942863464,
    0.49576693115234377,
    0.460908624420166,
    0.43733645847320557,
    0.4112656960105896,
    0.3890776675033569,
    0.3705952258014679,
    0.35163450263023377,
    0.33668211187362673,
    0.31927128195762633,
    0.31155704829216,
    0.2961944569587707,
    0.28779582279205324,
    0.28032259575366975,
    0.27176741821289063,
    0.26013596610069273,
    0.2552089711046219,
    0.25023232765197756,
    0.24182806820392608,
    0.24093158135414122,
    0.2322923559331894,
    0.2262293818473816
  ],
  "val_losses": [
    0.015399463850259781,
    0.013337186658382415,
    0.012069169592857362,
    0.011422512111067772,
    0.010525301125645637,
    0.011592626389861107,
    0.009688413585722446,
    0.010614380678534508,
    0.010259314796328545,
    0.009745982322096825,
    0.010080763822793961,
    0.009223834580183029,
    0.009668120473623277,
    0.009459086222946644,
    0.009368009078502656,
    0.009465192253887653,
    0.009649079197645188,
    0.009725801768898965,
    0.010103105624020099,
    0.010127480173110963,
    0.010116574068367482,
    0.010254239529371262,
    0.010277905070781707,
    0.010253626316785813,
    0.011868678697943688,
    0.010353678311407566,
    0.010250094039738178,
    0.010826913365721703,
    0.010728740517795085,
    0.01023708723038435
  ],
  "val_accuracies": [
    64.94,
    70.17,
    73.0,
    74.76,
    76.93,
    74.62,
    78.98,
    77.54,
    77.51,
    78.84,
    78.94,
    80.24,
    79.31,
    80.5,
    80.27,
    80.64,
    80.07,
    80.37,
    80.32,
    79.71,
    80.04,
    80.04,
    80.01,
    79.84,
    77.77,
    80.52,
    79.69,
    79.38,
    78.94,
    79.95
  ],
  "best_accuracy": 80.64,
  "percentage": 1.0,
  "combo": "none"
}