{
  "train_losses": [
    1.801364676055908,
    1.576120904045105,
    1.4652685844802857,
    1.4122041455459595,
    1.3649827875518799,
    1.3505883937072753,
    1.2578283265304566,
    1.2664500464630126,
    1.2594174913024903,
    1.2061555519866944,
    1.195303648033142,
    1.179611142845154,
    1.1670175122833253,
    1.150110440673828,
    1.1328153497314453,
    1.1502757605743408,
    1.1336627562713624,
    1.112909785041809,
    1.1086872954940796,
    1.0706932115936278,
    1.0807657141876221,
    1.0549182316589356,
    1.0780082765197754,
    1.0398002382278442,
    1.0478774067306518,
    1.045371692085266,
    1.015920195388794,
    1.0355572510147095,
    1.0328531470870972,
    1.0373178472709657
  ],
  "val_losses": [
    0.01980944561958313,
    0.016146555209159853,
    0.014961633849143983,
    0.013685443526506424,
    0.015001564228534698,
    0.013169153243303299,
    0.013317788451910019,
    0.012091655546426773,
    0.01201139062345028,
    0.01135138241648674,
    0.01178701655268669,
    0.011342909958958626,
    0.010797177335619926,
    0.010474826651811599,
    0.010416457054018974,
    0.01121547108888626,
    0.010802908453345299,
    0.010408135142922402,
    0.009711710041761398,
    0.010186748495697975,
    0.010434267011284828,
    0.009617833697795867,
    0.009714908054471016,
    0.009841697323322296,
    0.009711296182870865,
    0.009547392219305038,
    0.009920144602656365,
    0.00969737030863762,
    0.01058101778626442,
    0.009317962083220482
  ],
  "val_accuracies": [
    54.65,
    63.98,
    68.18,
    69.6,
    68.04,
    72.37,
    72.53,
    73.87,
    75.07,
    76.89,
    75.48,
    76.23,
    76.67,
    77.89,
    78.53,
    77.61,
    77.5,
    77.65,
    79.31,
    79.1,
    78.27,
    79.9,
    79.43,
    79.31,
    79.58,
    79.38,
    80.93,
    80.59,
    77.75,
    80.46
  ],
  "best_accuracy": 80.93,
  "percentage": 1.0,
  "combo": "crop_cutmix"
}