{
  "train_losses": [
    1.7541865223312378,
    1.561963221206665,
    1.4585542757415773,
    1.381305400314331,
    1.3512634675979613,
    1.3034853970336915,
    1.2626319535827637,
    1.2520544713974,
    1.2418878119659424,
    1.2033582201766968,
    1.185717910308838,
    1.1646010848999024,
    1.1759685609817505,
    1.1268306091308593,
    1.1470393580245972,
    1.1296477040863038,
    1.1289610914230346,
    1.1012778511428833,
    1.1079393165969849,
    1.0661718537902831,
    1.0753091327285766,
    1.0771959036636352,
    1.0766656386184692,
    1.0364874087524414,
    1.0575109036636352,
    1.047581561088562,
    1.0194102607727051,
    1.0399368511199951,
    1.047912763671875,
    1.0226286783981324
  ],
  "val_losses": [
    0.01851800401210785,
    0.01618393300175667,
    0.015119271391630173,
    0.014221710127592086,
    0.013409814453125,
    0.013211278873682022,
    0.011983752569556236,
    0.011300813180208206,
    0.01194402793943882,
    0.011699918827414512,
    0.011912776154279709,
    0.01089026557803154,
    0.010633970522880554,
    0.00998876773416996,
    0.010290745222568513,
    0.011142248702049256,
    0.010536603516340256,
    0.009620272526144981,
    0.009639317151904105,
    0.01067943657040596,
    0.009730305561423302,
    0.01018416102528572,
    0.009320597708225251,
    0.009997297555208206,
    0.010136021664738655,
    0.009103609380125999,
    0.009317065399885178,
    0.009676767405867577,
    0.00939079082608223,
    0.009649134129285813
  ],
  "val_accuracies": [
    57.44,
    63.11,
    67.61,
    68.92,
    71.88,
    71.94,
    74.16,
    76.97,
    75.32,
    75.62,
    77.08,
    77.88,
    78.53,
    79.22,
    78.07,
    78.48,
    77.87,
    80.64,
    79.21,
    77.76,
    80.53,
    78.36,
    80.92,
    79.79,
    78.9,
    80.69,
    80.83,
    79.82,
    80.8,
    80.76
  ],
  "best_accuracy": 80.92,
  "percentage": 1.0,
  "combo": "rotation_deg_15_cutmix"
}