{
  "train_losses": [
    1.7585842010498047,
    1.4406520236587523,
    1.2845807647323608,
    1.1822854969406127,
    1.1156232596588134,
    1.0473911362457275,
    0.9981163899230957,
    0.9593235567474365,
    0.9318312454605102,
    0.890515396232605,
    0.8602438641166688,
    0.8235671933174133,
    0.8019845998382569,
    0.7740399742126465,
    0.7507894581222534,
    0.7280719833755493,
    0.7041353524398803,
    0.6796638998603821,
    0.6649887991333008,
    0.6428726000785827,
    0.6100006070137024,
    0.5852031826782227,
    0.5889527148246765,
    0.576879653301239,
    0.54851314950943,
    0.5357843904304505,
    0.507912262096405,
    0.49655002548217775,
    0.4783017767906189,
    0.464566591053009
  ],
  "val_losses": [
    0.02339285752773285,
    0.01867105494737625,
    0.01866217859387398,
    0.017177323079109193,
    0.01546104742884636,
    0.014347921198606492,
    0.014431204545497895,
    0.01394415299296379,
    0.01378268792629242,
    0.013020396947860717,
    0.012819341951608658,
    0.014926355773210526,
    0.013361742722988129,
    0.013508092403411866,
    0.012903663116693496,
    0.01295164592564106,
    0.012886442512273789,
    0.013619134166836739,
    0.013814796552062034,
    0.012824751126766204,
    0.012023008236289025,
    0.012890026646852494,
    0.012700791233778,
    0.011574175307154655,
    0.013109691828489303,
    0.014196138963103294,
    0.012113521319627762,
    0.013105518281459809,
    0.012792474129796028,
    0.013946469187736512
  ],
  "val_accuracies": [
    45.32,
    57.0,
    55.33,
    60.51,
    64.98,
    68.02,
    67.24,
    68.73,
    69.09,
    71.14,
    71.37,
    66.32,
    70.83,
    69.66,
    71.34,
    71.67,
    71.71,
    70.84,
    70.5,
    72.2,
    73.43,
    71.98,
    72.89,
    74.66,
    72.31,
    71.03,
    74.03,
    72.22,
    73.44,
    71.19
  ],
  "best_accuracy": 74.66,
  "percentage": 0.25,
  "combo": "flip_color"
}