{
  "train_losses": [
    1.9440825134277344,
    1.701987371940613,
    1.6835072172927856,
    1.5781150088119507,
    1.5300510236740112,
    1.6000160202789306,
    1.4818662982940674,
    1.4651078206634522,
    1.4101833435058593,
    1.4161147627830506,
    1.36172946144104,
    1.3700522467041016,
    1.3734765503311157,
    1.2916829798316956,
    1.325061955089569,
    1.280310446510315,
    1.2351696772766114,
    1.2710805697631835,
    1.283499947013855,
    1.2537507698822021,
    1.1965256702041627,
    1.1896842942810057,
    1.2167004933547974,
    1.213051824645996,
    1.2414075098800659,
    1.0962362364959717,
    1.129780669746399,
    1.1413296155929566,
    1.152150108757019,
    1.1130316740798951
  ],
  "val_losses": [
    0.023583840548992156,
    0.021316853499412536,
    0.021221469712257385,
    0.018445982056856155,
    0.01796399709582329,
    0.019462619054317475,
    0.016779770982265473,
    0.015726169526576995,
    0.01538766440153122,
    0.014986637169122696,
    0.014182377803325654,
    0.015077683460712433,
    0.014670815342664718,
    0.014373712700605392,
    0.01604183442592621,
    0.01334571590423584,
    0.013080166184902191,
    0.014013435894250869,
    0.013404235571622848,
    0.013188818335533143,
    0.012982171255350113,
    0.013264455318450928,
    0.012905568408966065,
    0.012698157250881196,
    0.013017223650217057,
    0.012445211189985275,
    0.01308198846578598,
    0.012496313446760178,
    0.012011688143014908,
    0.012349227958917618
  ],
  "val_accuracies": [
    46.01,
    50.72,
    49.92,
    58.17,
    59.48,
    60.11,
    62.18,
    64.54,
    65.69,
    66.76,
    68.0,
    67.82,
    68.62,
    68.45,
    67.73,
    71.19,
    70.87,
    68.88,
    71.42,
    71.79,
    72.29,
    72.65,
    72.4,
    72.68,
    71.16,
    73.55,
    73.37,
    73.49,
    74.31,
    72.69
  ],
  "best_accuracy": 74.31,
  "percentage": 0.25,
  "combo": "rotation_deg_15_cutmix"
}