{
  "train_losses": [
    1.691665600013733,
    1.336040093574524,
    1.1730678451538086,
    1.0406740759658812,
    0.9550116569900513,
    0.8772108001327514,
    0.8227606112289428,
    0.7434218783378601,
    0.6933599056816101,
    0.631415434589386,
    0.6012549773979187,
    0.5603561681175232,
    0.5041401726531982,
    0.4544449362564087,
    0.40981315679550173,
    0.3673409196281433,
    0.33341397302150727,
    0.2996147766971588,
    0.2926191857624054,
    0.25744815507888796,
    0.2449064587020874,
    0.2314025203061104,
    0.18010067865371704,
    0.18022563372612,
    0.17590577218532563,
    0.1574610580587387,
    0.16241568006515503,
    0.149515428583622,
    0.1534630026578903,
    0.1354959963989258
  ],
  "val_losses": [
    0.02076778857707977,
    0.019236632323265074,
    0.017706281542778014,
    0.016910388541221618,
    0.015066535389423371,
    0.015953856229782105,
    0.013941480833292007,
    0.015168995714187622,
    0.013600067853927613,
    0.014149048155546188,
    0.01378647137284279,
    0.015757826572656633,
    0.014409485638141633,
    0.014478680354356765,
    0.016815798830986023,
    0.016751965153217314,
    0.016427571737766267,
    0.0190672108232975,
    0.017965439200401306,
    0.017693954503536224,
    0.019916494661569594,
    0.016049120718240738,
    0.016600714600086212,
    0.017625243178009987,
    0.01715894911289215,
    0.018542679864168167,
    0.017284141260385515,
    0.018292290562391282,
    0.01870064104795456,
    0.01929247372150421
  ],
  "val_accuracies": [
    50.94,
    56.07,
    59.32,
    61.25,
    65.74,
    64.25,
    68.53,
    66.39,
    70.32,
    70.21,
    70.5,
    67.89,
    69.57,
    70.1,
    68.71,
    69.0,
    69.94,
    65.98,
    69.04,
    69.96,
    68.16,
    71.82,
    72.19,
    71.03,
    71.98,
    69.81,
    71.74,
    70.36,
    71.64,
    71.08
  ],
  "best_accuracy": 72.19,
  "percentage": 0.25,
  "combo": "none"
}