{
  "train_losses": [
    1.775653351135254,
    1.481140299987793,
    1.357456795692444,
    1.2525781103324891,
    1.1868362463378905,
    1.1170538303375244,
    1.0956988638687133,
    1.0434444291496277,
    1.0091012840270996,
    0.9667804284667969,
    0.9418800336456299,
    0.9200385837554932,
    0.9005309759521485,
    0.8707565653228759,
    0.8534361926269531,
    0.8332791611099243,
    0.826585881767273,
    0.8009597038841247,
    0.7854831428432465,
    0.7692056950187683,
    0.7487807671356201,
    0.7461402067470551,
    0.729594209728241,
    0.7004562430000305,
    0.7087140285110474,
    0.6950651797676086,
    0.6718726295089722,
    0.6585084493637084,
    0.6573871016311645,
    0.6390537860488892
  ],
  "val_losses": [
    0.022694461858272553,
    0.022220647537708284,
    0.019958169054985046,
    0.018013859754800795,
    0.016971033906936644,
    0.016521141642332076,
    0.01606910793185234,
    0.015233586502075196,
    0.01388254765868187,
    0.015164864605665207,
    0.014042781966924668,
    0.0138762814193964,
    0.013590724644064904,
    0.012989984041452407,
    0.012410010588169098,
    0.013204962593317032,
    0.012827243760228157,
    0.012986150217056274,
    0.012870640727877617,
    0.011744552564620972,
    0.012615083727240562,
    0.012627251419425011,
    0.011804699540138245,
    0.012197109082341194,
    0.01206583380997181,
    0.012623119536042213,
    0.012302222859859466,
    0.011740643218159676,
    0.011645500513911246,
    0.012201416915655136
  ],
  "val_accuracies": [
    46.72,
    47.9,
    52.51,
    58.15,
    61.87,
    61.54,
    64.11,
    65.89,
    69.01,
    65.96,
    69.02,
    69.2,
    69.23,
    70.98,
    72.44,
    70.99,
    71.54,
    71.18,
    71.18,
    73.61,
    73.0,
    72.86,
    73.44,
    73.48,
    73.79,
    72.5,
    73.45,
    74.1,
    74.45,
    73.77
  ],
  "best_accuracy": 74.45,
  "percentage": 0.25,
  "combo": "flip_rotation"
}