{
  "train_losses": [
    1.8268411135864258,
    1.5438542135238646,
    1.4159527631378175,
    1.3252479608535768,
    1.2602819110107422,
    1.1806494890022279,
    1.118781220626831,
    1.0899177703857421,
    1.04599531124115,
    1.0122208852386474,
    0.9884239382171631,
    0.9585879322433472,
    0.9314063720703125,
    0.8881945207214356,
    0.8701768312263489,
    0.8571095440292359,
    0.8319905533218384,
    0.8095161768722534,
    0.8022571312332153,
    0.7717716284942627,
    0.75110416639328,
    0.7365456129837036,
    0.715173021850586,
    0.702610813407898,
    0.690612257862091,
    0.6801561035346985,
    0.6622566364955902,
    0.6523202890968323,
    0.6387163866996766,
    0.6200065328216553
  ],
  "val_losses": [
    0.02585713220834732,
    0.02049793815612793,
    0.019175372242927553,
    0.01741446892619133,
    0.017061255061626434,
    0.01708224015235901,
    0.015550562942028046,
    0.01597954740524292,
    0.014148080152273179,
    0.014819424170255661,
    0.013789912712574005,
    0.014170959520339966,
    0.013749927234649658,
    0.013367252081632613,
    0.014785763603448868,
    0.013056792891025543,
    0.012663711535930634,
    0.013500631111860275,
    0.012973588413000108,
    0.012423285734653473,
    0.013092975425720214,
    0.013242678380012512,
    0.013068505397439003,
    0.01324141382575035,
    0.012589828178286553,
    0.013154619109630585,
    0.01288363476395607,
    0.012958672335743904,
    0.012512915956974029,
    0.012614472925662994
  ],
  "val_accuracies": [
    40.56,
    52.24,
    55.82,
    59.76,
    60.99,
    61.4,
    64.68,
    64.15,
    67.89,
    66.65,
    69.92,
    67.55,
    69.38,
    70.62,
    69.03,
    70.8,
    72.22,
    70.19,
    71.85,
    72.31,
    71.61,
    71.57,
    71.63,
    72.07,
    72.67,
    71.61,
    72.59,
    72.6,
    73.37,
    73.7
  ],
  "best_accuracy": 73.7,
  "percentage": 0.25,
  "combo": "rotation_color"
}