{
  "train_losses": [
    1.6752109714508057,
    1.3610127562713623,
    1.2323853129196167,
    1.1380733011054993,
    1.0781945807647706,
    1.018006363658905,
    0.9760847692489624,
    0.9432756508255005,
    0.9125219615364075,
    0.8830328396606445,
    0.8583284548187256,
    0.8357946705627441,
    0.811480223197937,
    0.785048738861084,
    0.7692002981948852,
    0.7506693634033204,
    0.7426350641441345,
    0.7266734472274781,
    0.7147979048156738,
    0.6995067876625061,
    0.6779420888519287,
    0.6751806762504577,
    0.6651551804542541,
    0.6522976445007325,
    0.6377132616996765,
    0.6292238265609741,
    0.6213155749702454,
    0.6103068213844299,
    0.6063659550094604,
    0.6029776362037659
  ],
  "val_losses": [
    0.021832851004600525,
    0.018774420112371445,
    0.017344099646806718,
    0.016112013840675354,
    0.014408859318494796,
    0.013932797050476075,
    0.013086110025644302,
    0.013213464385271073,
    0.011887138113379478,
    0.01303938211798668,
    0.012080558982491493,
    0.011318947765231133,
    0.011318550080060958,
    0.010925768992304801,
    0.011908795100450516,
    0.011264466363191604,
    0.010383469665050507,
    0.011005184569954873,
    0.011630688351392747,
    0.010658556833863258,
    0.009821581587195396,
    0.009865040993690491,
    0.0106903529047966,
    0.010156179842352868,
    0.009635287222266198,
    0.009259465065598488,
    0.009979326882958411,
    0.009906308364868164,
    0.009442998632788658,
    0.01065987387895584
  ],
  "val_accuracies": [
    49.39,
    56.99,
    60.62,
    62.88,
    68.08,
    67.99,
    70.67,
    70.08,
    73.73,
    70.84,
    72.55,
    74.48,
    74.94,
    75.36,
    73.54,
    75.25,
    77.21,
    75.61,
    74.81,
    76.72,
    78.24,
    78.06,
    76.64,
    77.65,
    78.5,
    79.49,
    78.32,
    78.3,
    79.57,
    76.61
  ],
  "best_accuracy": 79.57,
  "percentage": 0.5,
  "combo": "flip_crop"
}