{
  "train_losses": [
    1.9090296179962158,
    1.7421571069335937,
    1.61102242893219,
    1.5699467052459717,
    1.5126518120574952,
    1.4540847640609742,
    1.438162516822815,
    1.3974446406555177,
    1.3755497064208984,
    1.3759955217170716,
    1.3227083318328858,
    1.3688454069900513,
    1.2741572843933104,
    1.2655155502700806,
    1.2714579522705078,
    1.2539640814208985,
    1.2446805449676515,
    1.2411744520187378,
    1.2377547205924988,
    1.1747576581192016,
    1.200733197402954,
    1.1709624418258666,
    1.1689890385055541,
    1.1429578575134278,
    1.171077318534851,
    1.1555147549819946,
    1.1220097216415406,
    1.1328575688934326,
    1.1264712030029296,
    1.1110293278694152
  ],
  "val_losses": [
    0.02276447011232376,
    0.02249341797828674,
    0.018537670212984084,
    0.016862634879350663,
    0.01627093177437782,
    0.015403206032514572,
    0.015204319554567337,
    0.014398319154977798,
    0.016886140644550324,
    0.01596924634575844,
    0.014659615921974182,
    0.013354220217466354,
    0.013470675194263457,
    0.012894029688835145,
    0.012599252912402154,
    0.012760264754295349,
    0.012732965910434723,
    0.012052893316745758,
    0.011516922870278359,
    0.012134614503383637,
    0.011538363474607467,
    0.012223488229513168,
    0.011676605811715125,
    0.011197470077872276,
    0.010905507498979568,
    0.01148975591957569,
    0.011142792412638665,
    0.011226943153142929,
    0.010838351792097092,
    0.010314781478047371
  ],
  "val_accuracies": [
    46.24,
    49.17,
    56.93,
    60.55,
    62.28,
    65.86,
    66.0,
    68.06,
    63.1,
    64.5,
    67.24,
    71.43,
    69.75,
    71.19,
    72.75,
    72.74,
    72.98,
    74.64,
    75.05,
    75.06,
    75.22,
    74.86,
    75.4,
    76.47,
    77.42,
    77.05,
    76.78,
    76.4,
    76.15,
    78.62
  ],
  "best_accuracy": 78.62,
  "percentage": 0.5,
  "combo": "crop_cutmix"
}