{
  "train_losses": [
    1.7193760829925537,
    1.3904870569229126,
    1.2625931421661376,
    1.1692626997375488,
    1.0993228712081908,
    1.0425833452606201,
    0.9987517845916748,
    0.9753129692459106,
    0.9291856855964661,
    0.8966983637619018,
    0.8782606776237488,
    0.8564929670524597,
    0.8271842481040954,
    0.8138552762031556,
    0.7872019347000122,
    0.7692573864555359,
    0.7552237116050721,
    0.7425906461334228,
    0.7158001876068115,
    0.7078848390579223,
    0.7009350124740601,
    0.6861404130172729,
    0.672710835609436,
    0.6696521513748169,
    0.6529719027328491,
    0.6528478711891175,
    0.6416199559402466,
    0.6293307710838318,
    0.6162432112693786,
    0.6067738263320923
  ],
  "val_losses": [
    0.02022884382009506,
    0.01887159113883972,
    0.016232649624347686,
    0.015076864200830459,
    0.015601367539167405,
    0.01389423530101776,
    0.013616430175304412,
    0.013692897886037827,
    0.013915717327594758,
    0.01252414801120758,
    0.012267009091377259,
    0.01209360575377941,
    0.011804661631584168,
    0.01132864532470703,
    0.01113474773466587,
    0.011218241664767266,
    0.011782652869820595,
    0.011109870439767838,
    0.010628703624010086,
    0.010334308135509491,
    0.010752704015374183,
    0.011631868702173233,
    0.010925346016883851,
    0.011050841259956359,
    0.010226985070109367,
    0.010476353877782821,
    0.010085320167243481,
    0.010390930452942848,
    0.010925294688344002,
    0.010347739893198014
  ],
  "val_accuracies": [
    52.98,
    56.85,
    63.3,
    65.7,
    66.31,
    68.75,
    69.81,
    69.96,
    69.26,
    72.59,
    73.37,
    73.81,
    74.44,
    75.5,
    75.39,
    75.28,
    74.85,
    75.61,
    76.89,
    77.74,
    76.86,
    74.87,
    76.09,
    76.29,
    77.78,
    77.53,
    78.55,
    78.0,
    77.35,
    77.72
  ],
  "best_accuracy": 78.55,
  "percentage": 0.5,
  "combo": "rotation_color"
}