{
  "train_losses": [
    1.594577706336975,
    1.2565222471809387,
    1.1162206231307983,
    1.0246870505905152,
    0.9588779504013062,
    0.9145024467468261,
    0.8685274341201782,
    0.830995059928894,
    0.7890608737564087,
    0.7664774978637695,
    0.7286564973449707,
    0.7033730829048157,
    0.6832929442596436,
    0.6545823363876343,
    0.644208423318863,
    0.6239314513587951,
    0.600647225894928,
    0.573988747329712,
    0.5607030013656616,
    0.5494906698036194,
    0.5373880156707763,
    0.5165153847312928,
    0.5077400923347473,
    0.49828479259967806,
    0.4761837261199951,
    0.46342378854751587,
    0.45481392965316775,
    0.44565776290893555,
    0.4423451021385193,
    0.4242971053314209
  ],
  "val_losses": [
    0.020796813666820527,
    0.015976272505521773,
    0.015289030021429062,
    0.014244649958610535,
    0.014356545406579971,
    0.012949031582474709,
    0.01271448508501053,
    0.012573815006017685,
    0.011456571713089943,
    0.011963636708259583,
    0.013352748003602028,
    0.011287295877933503,
    0.010773738557100296,
    0.011184435924887657,
    0.010334732383489609,
    0.010618405255675315,
    0.010457947796583175,
    0.010310515810549259,
    0.011871175640821456,
    0.011366135558485984,
    0.010113397052884101,
    0.009782380470633506,
    0.010259603545069695,
    0.01119490527510643,
    0.010850346115231514,
    0.010168797737360001,
    0.010341929933428765,
    0.010408681026101112,
    0.009642020130157471,
    0.010131171879172325
  ],
  "val_accuracies": [
    52.0,
    64.01,
    65.04,
    68.36,
    68.06,
    71.48,
    71.78,
    71.74,
    74.75,
    73.49,
    70.12,
    75.66,
    75.97,
    75.56,
    77.29,
    76.97,
    77.29,
    78.0,
    75.19,
    76.31,
    78.01,
    79.11,
    77.74,
    76.54,
    76.76,
    78.61,
    78.14,
    78.41,
    79.22,
    78.83
  ],
  "best_accuracy": 79.22,
  "percentage": 0.5,
  "combo": "flip_color"
}