{
  "train_losses": [
    1.8339086198425294,
    1.6733150745010377,
    1.5547229150390625,
    1.480411976776123,
    1.4468502109909058,
    1.3846185777282716,
    1.3664974167633057,
    1.3534300818252563,
    1.2990581385040283,
    1.3069169243621825,
    1.2588291817855835,
    1.3026734897613526,
    1.2132657390785218,
    1.2071000764083861,
    1.2152217218399048,
    1.1962198799133301,
    1.178788835773468,
    1.1685424345779418,
    1.1739880205154418,
    1.1130076678085328,
    1.1768148575592041,
    1.1235486586380006,
    1.1127629745674132,
    1.1199409881210327,
    1.1098769702911377,
    1.1371990953826905,
    1.0717477054595947,
    1.083044900932312,
    1.0812510028457643,
    1.0740123614120483
  ],
  "val_losses": [
    0.020645663750171662,
    0.01928989015221596,
    0.017024858385324478,
    0.015899084395170213,
    0.01640499447584152,
    0.014581884026527405,
    0.01423469380736351,
    0.013830010497570037,
    0.013274375027418137,
    0.014715232837200165,
    0.012949055248498917,
    0.012858648723363876,
    0.01210722673535347,
    0.012770043098926544,
    0.01179223992228508,
    0.011890547487139701,
    0.011192649218440057,
    0.011374545562267304,
    0.011720052617788315,
    0.011730119836330414,
    0.011117691585421563,
    0.012373877727985382,
    0.01112554127573967,
    0.010566577115654945,
    0.010968019616603852,
    0.010826756462454797,
    0.012322658157348633,
    0.010894394516944884,
    0.010768519842624663,
    0.010780035018920898
  ],
  "val_accuracies": [
    51.68,
    56.13,
    62.33,
    64.46,
    64.71,
    69.13,
    68.73,
    70.89,
    71.27,
    67.72,
    73.19,
    74.72,
    73.89,
    72.52,
    74.01,
    74.38,
    76.68,
    76.81,
    74.68,
    74.2,
    77.17,
    75.47,
    76.43,
    77.43,
    76.96,
    77.65,
    74.91,
    76.72,
    77.18,
    77.52
  ],
  "best_accuracy": 77.65,
  "percentage": 0.5,
  "combo": "rotation_deg_15_cutmix"
}