{
  "train_losses": [
    1.6023968348312378,
    1.3152934371185303,
    1.1861329132843017,
    1.0988241159820558,
    1.03682857088089,
    0.9838055816841126,
    0.9387212685394287,
    0.9114627143096924,
    0.8681416507911682,
    0.8479502156257629,
    0.8151804443359375,
    0.7993622849273682,
    0.7757098691368103,
    0.7623938443565369,
    0.7460930176353454,
    0.7179709256362915,
    0.7160300805473327,
    0.6952579434585572,
    0.687809825630188,
    0.6725389921951294,
    0.6582419340515137,
    0.6567896212387085,
    0.6358640042877197,
    0.6354101722335815,
    0.6280611669063568,
    0.6067202539920807,
    0.6053342760658265,
    0.5974723380279541,
    0.5881327462100983,
    0.5937635840034485
  ],
  "val_losses": [
    0.020169068175554274,
    0.01950669760107994,
    0.01655524708032608,
    0.014494716376066207,
    0.014391217762231828,
    0.0132632592856884,
    0.01236432354748249,
    0.013088513958454132,
    0.012089855647087097,
    0.012010282307863236,
    0.01135802800655365,
    0.01131434963941574,
    0.011146234664320945,
    0.010619277375936508,
    0.01098691418170929,
    0.010636642184853554,
    0.010739091113209724,
    0.011003398451209068,
    0.010108813709020614,
    0.010584567093849181,
    0.010570797890424729,
    0.010056039014458656,
    0.01058899852335453,
    0.010125465536117553,
    0.010550808212161065,
    0.010103007453680039,
    0.010674021396040916,
    0.009771030139923096,
    0.00953028281033039,
    0.010201899760961532
  ],
  "val_accuracies": [
    53.33,
    55.57,
    63.06,
    67.35,
    66.76,
    70.48,
    72.17,
    71.1,
    73.6,
    72.96,
    75.1,
    74.92,
    75.31,
    76.56,
    75.66,
    76.32,
    76.33,
    76.28,
    77.7,
    76.57,
    76.66,
    77.88,
    77.01,
    78.09,
    77.46,
    77.84,
    77.41,
    78.67,
    79.55,
    77.96
  ],
  "best_accuracy": 79.55,
  "percentage": 0.5,
  "combo": "flip_rotation"
}