{
  "train_losses": [
    1.8829109184265136,
    1.5450008520126344,
    1.3993316967010498,
    1.2860749858856202,
    1.1560891027450562,
    1.0412233763694763,
    0.9673340677261353,
    0.9426757816314697,
    0.831690602684021,
    0.792309020614624,
    0.6773361457824707,
    0.6964354929924012,
    0.5742258513450622,
    0.5040408185958862,
    0.4623572677612305,
    0.41044500617980956,
    0.38115009746551515,
    0.3425490018367767,
    0.29503507561683656,
    0.25078939599990846,
    0.2314678454875946,
    0.19996279249191284,
    0.18459071464538573,
    0.2271151454925537,
    0.19498585624694825,
    0.18852412672042845,
    0.1548910496711731,
    0.13176945466995238,
    0.15893120939135552,
    0.10524330167770386
  ],
  "val_losses": [
    0.02502770723104477,
    0.022487684404850005,
    0.021225344610214233,
    0.02054237589240074,
    0.018857587271928787,
    0.02098311791419983,
    0.02983982400894165,
    0.01954776421189308,
    0.016692993021011352,
    0.016776994901895523,
    0.020333615881204605,
    0.01860877539515495,
    0.018807533586025237,
    0.018827712631225586,
    0.018337529730796814,
    0.018366803884506226,
    0.022750645899772645,
    0.019688356548547746,
    0.021021488243341446,
    0.020942845141887666,
    0.021592310279607774,
    0.021679441571235657,
    0.023443140482902528,
    0.02342879865169525,
    0.020505435460805892,
    0.02521665049791336,
    0.022712960344552995,
    0.024841400253772735,
    0.023592429906129836,
    0.026780883860588075
  ],
  "val_accuracies": [
    38.92,
    47.42,
    50.89,
    51.14,
    57.25,
    53.46,
    44.23,
    57.28,
    63.47,
    62.89,
    57.87,
    61.09,
    61.56,
    62.19,
    63.57,
    64.83,
    60.59,
    64.19,
    64.02,
    64.41,
    64.77,
    65.32,
    62.16,
    62.58,
    66.08,
    61.98,
    64.87,
    63.41,
    64.29,
    62.43
  ],
  "best_accuracy": 66.08,
  "percentage": 0.1,
  "combo": "none"
}