{
  "train_losses": [
    1.9852554119110108,
    1.650812961578369,
    1.5078811641693115,
    1.454522368812561,
    1.3775184949874877,
    1.309404955291748,
    1.2673346740722655,
    1.2325384155273438,
    1.1873953872680665,
    1.1395755611419678,
    1.118496626663208,
    1.0644516944885254,
    1.0459087637901305,
    0.9994490098953247,
    0.9968962113380432,
    0.9710710475921631,
    0.957987026977539,
    0.9222258040428162,
    0.9127452337265015,
    0.9218699684143067,
    0.8841789011001587,
    0.8497973110198974,
    0.8473911890029907,
    0.8057055162429809,
    0.8076983095169067,
    0.7815349314689636,
    0.7516820403575897,
    0.7523507072448731,
    0.7506898534774781,
    0.7191459390640259
  ],
  "val_losses": [
    0.025513417994976043,
    0.0255055694937706,
    0.021827629959583282,
    0.020738868260383608,
    0.020273248720169067,
    0.019052887505292892,
    0.018086089515686035,
    0.017784802532196047,
    0.017379035925865174,
    0.017743551164865493,
    0.016539961457252502,
    0.016453556716442108,
    0.016472253203392028,
    0.016404394274950027,
    0.016074421364068985,
    0.01596656466126442,
    0.015460293275117875,
    0.015540373247861863,
    0.017999576741456986,
    0.014952831423282624,
    0.01799143504500389,
    0.01499515653848648,
    0.014596591281890869,
    0.015236408913135529,
    0.015180880904197693,
    0.014457718002796173,
    0.014408641517162323,
    0.014340999203920365,
    0.015120128512382508,
    0.015439109629392624
  ],
  "val_accuracies": [
    38.77,
    41.56,
    48.81,
    51.34,
    52.34,
    55.65,
    58.99,
    59.43,
    60.4,
    59.26,
    63.05,
    62.32,
    63.28,
    63.94,
    63.46,
    64.25,
    65.37,
    65.74,
    62.72,
    67.23,
    62.11,
    66.95,
    67.6,
    66.53,
    66.57,
    67.68,
    68.63,
    68.28,
    67.72,
    67.86
  ],
  "best_accuracy": 68.63,
  "percentage": 0.1,
  "combo": "flip_rotation"
}