{
  "train_losses": [
    1.9518442260742188,
    1.5743758853912353,
    1.4526126770019532,
    1.3633335584640502,
    1.249199536705017,
    1.2052575046539307,
    1.1196140396118164,
    1.0668585367202759,
    1.0376942502975464,
    0.994791544342041,
    0.935128981256485,
    0.9156077087402343,
    0.8595925439834595,
    0.8479306652069092,
    0.8046348608016968,
    0.7730426706314087,
    0.7606433153152465,
    0.7063520124435425,
    0.671365763759613,
    0.6246268606185913,
    0.6140374675750733,
    0.5906681803703309,
    0.5530116899490356,
    0.541451943397522,
    0.5224978544235229,
    0.4823325122833252,
    0.47265499987602233,
    0.42542395515441894,
    0.4397299291610718,
    0.43484509258270265
  ],
  "val_losses": [
    0.025174869167804717,
    0.023778928911685943,
    0.020737353205680847,
    0.020671073663234712,
    0.018942344611883162,
    0.021901567673683165,
    0.01720861130952835,
    0.018246389055252075,
    0.016952873462438584,
    0.017256560468673705,
    0.016750844830274583,
    0.016257124966382982,
    0.016107471323013305,
    0.01670516622662544,
    0.017013563299179076,
    0.015750884997844695,
    0.01898239389657974,
    0.0165500537276268,
    0.016769853758811952,
    0.016106593203544618,
    0.019947205621004105,
    0.01670073744058609,
    0.014576319789886475,
    0.017864656162261964,
    0.016638778251409532,
    0.0158564110994339,
    0.01677467914223671,
    0.016793094620108605,
    0.018535445386171343,
    0.01672517736554146
  ],
  "val_accuracies": [
    39.05,
    42.89,
    52.22,
    52.08,
    56.08,
    52.37,
    60.54,
    58.43,
    60.62,
    60.43,
    61.64,
    62.8,
    64.6,
    62.96,
    63.04,
    65.64,
    61.95,
    64.38,
    63.31,
    66.49,
    61.42,
    64.96,
    68.52,
    63.83,
    67.96,
    69.06,
    66.94,
    67.81,
    65.84,
    67.5
  ],
  "best_accuracy": 69.06,
  "percentage": 0.1,
  "combo": "flip"
}