{
  "train_losses": [
    2.1343323528289795,
    1.8758269145965576,
    1.8232081993103026,
    1.7516235374450684,
    1.6979255603790284,
    1.6698083095550538,
    1.642730953979492,
    1.6169541742324829,
    1.570473913192749,
    1.551559164428711,
    1.5245244491577148,
    1.5215788368225098,
    1.49610621509552,
    1.4654120231628418,
    1.450972117614746,
    1.4383230527877808,
    1.3912082701683044,
    1.388175814819336,
    1.3938667057037353,
    1.3826514896392823,
    1.358018363571167,
    1.3648348964691162,
    1.3188205532073976,
    1.3152590690612793,
    1.2977453903198242,
    1.2934056505203246,
    1.2956610395431518,
    1.2921182189941407,
    1.2722018840789795,
    1.2542178638458252
  ],
  "val_losses": [
    0.02818585970401764,
    0.027096302556991577,
    0.025967164385318757,
    0.024697097980976104,
    0.024730146431922912,
    0.025751845514774323,
    0.021649285602569582,
    0.0213241690158844,
    0.021380669069290162,
    0.0246047039270401,
    0.021341252386569975,
    0.0193596518099308,
    0.019834290033578873,
    0.019211880135536194,
    0.019375403797626495,
    0.01846423828005791,
    0.018685918253660203,
    0.019869750624895096,
    0.020835427367687225,
    0.018284187322854997,
    0.01850803973078728,
    0.01770935615301132,
    0.016880883461236954,
    0.017196542555093765,
    0.017260167092084885,
    0.017009505319595337,
    0.016072134387493133,
    0.017306242716312408,
    0.016503009974956514,
    0.01672280694246292
  ],
  "val_accuracies": [
    31.98,
    35.42,
    38.22,
    41.17,
    41.75,
    41.49,
    48.35,
    49.89,
    49.53,
    43.63,
    50.14,
    55.35,
    54.8,
    55.76,
    55.13,
    57.29,
    55.87,
    54.84,
    51.93,
    57.14,
    57.56,
    59.15,
    60.94,
    60.71,
    59.92,
    61.02,
    62.75,
    60.6,
    61.98,
    62.11
  ],
  "best_accuracy": 62.75,
  "percentage": 0.1,
  "combo": "full"
}