{
  "train_losses": [
    1.3737468618392945,
    1.0104268045806886,
    0.8829659873199462,
    0.7949990292358399,
    0.728352384300232,
    0.6751832111930847,
    0.6289665907669068,
    0.58488746717453,
    0.5475021746826172,
    0.5107616662979126,
    0.48688103538513183,
    0.45652819023132324,
    0.43418090492248534,
    0.41239520879745484,
    0.3859550468635559,
    0.3678422163963318,
    0.35343410455703733,
    0.34340174825668335,
    0.31665109267234803,
    0.3113752005672455,
    0.3013410614013672,
    0.2886390365147591,
    0.2862789462375641,
    0.274718219833374,
    0.2660292999458313,
    0.25433786690711974,
    0.2549540996837616,
    0.2506356193351746,
    0.2463149184703827,
    0.23681569194316865
  ],
  "val_losses": [
    0.015936145317554475,
    0.013725747346878052,
    0.01219962637424469,
    0.012299084043502807,
    0.01074491946399212,
    0.011719631412625314,
    0.010060856115818024,
    0.009989296260476113,
    0.01012343236207962,
    0.009830219182372093,
    0.01050842252075672,
    0.009773430517315865,
    0.010595026123523713,
    0.00973017793893814,
    0.010291902554035186,
    0.009711501914262772,
    0.00988316030204296,
    0.010413082230091094,
    0.010205248133838177,
    0.011305604147911073,
    0.010870105135440827,
    0.010182469433546067,
    0.009997717283666134,
    0.010448292446136475,
    0.01209211998283863,
    0.01030637819468975,
    0.01122484474182129,
    0.010959445378184319,
    0.011632206785678863,
    0.010933594405651092
  ],
  "val_accuracies": [
    64.16,
    69.02,
    72.1,
    72.57,
    76.42,
    74.36,
    77.46,
    77.73,
    77.71,
    78.48,
    77.53,
    79.1,
    77.64,
    79.66,
    78.57,
    79.56,
    79.55,
    78.77,
    79.51,
    78.13,
    78.81,
    79.67,
    80.32,
    80.07,
    77.1,
    79.72,
    78.48,
    79.01,
    77.94,
    79.86
  ],
  "best_accuracy": 80.32,
  "percentage": 1.0,
  "combo": "none"
}