{
  "train_losses": [
    1.5405992156219483,
    1.2009642780303955,
    1.069104017753601,
    0.989449123764038,
    0.934073843460083,
    0.890333535232544,
    0.8553086710548401,
    0.8196255334091187,
    0.8018453153991699,
    0.7802886895179748,
    0.7621481065177917,
    0.7405544318962097,
    0.7275325744628907,
    0.7141328603744507,
    0.7056286279678344,
    0.6887257048797607,
    0.6876061656570435,
    0.6772317567443847,
    0.6680840146636963,
    0.6630663787651062,
    0.6532281329631805,
    0.6526698505783081,
    0.6430384219932556,
    0.6395341193389893,
    0.6342861504936218,
    0.6298174061203002,
    0.6237321496391296,
    0.615058441734314,
    0.6159366700935364,
    0.6069150386810302
  ],
  "val_losses": [
    0.017512003403902052,
    0.015014966684579849,
    0.013113928312063218,
    0.013405133920907975,
    0.012044714283943176,
    0.011371060386300086,
    0.011241952046751977,
    0.010289675477147103,
    0.010221130588650703,
    0.010575566580891609,
    0.01088383396267891,
    0.009801768681406975,
    0.009314404585957527,
    0.009357707139849663,
    0.009343246069550514,
    0.009046268779039383,
    0.008999926160275937,
    0.008805626031756402,
    0.00926071346104145,
    0.008944903695583343,
    0.008501669409871102,
    0.008506382727622986,
    0.00853022744357586,
    0.008583376508951187,
    0.00854854430258274,
    0.008727364563941955,
    0.008713093231618405,
    0.008761433619260788,
    0.0087344059497118,
    0.008806392784416675
  ],
  "val_accuracies": [
    60.39,
    65.83,
    70.92,
    70.79,
    73.93,
    75.01,
    75.57,
    77.88,
    77.6,
    76.42,
    75.86,
    78.5,
    79.51,
    79.48,
    79.56,
    80.39,
    80.4,
    80.59,
    80.01,
    80.54,
    81.22,
    81.5,
    81.45,
    81.3,
    81.56,
    81.12,
    81.45,
    80.62,
    80.86,
    80.98
  ],
  "best_accuracy": 81.56,
  "percentage": 1.0,
  "combo": "flip_rotation_color"
}