{
  "train_losses": [
    1.4618286235427858,
    1.1509372961425781,
    1.0272396450042725,
    0.9447195687961578,
    0.8859894400405883,
    0.8491386673355102,
    0.8109113498687744,
    0.7822783007621765,
    0.7568658360099793,
    0.733041917552948,
    0.7175186563205719,
    0.6969806982421874,
    0.6837462784957886,
    0.6707550720787049,
    0.6559337621688843,
    0.6451115884399414,
    0.6335784327316284,
    0.6234963159179687,
    0.6117377902984619,
    0.6014454556083679,
    0.598258592338562,
    0.5945602702713013,
    0.5812423612689972,
    0.578235048274994,
    0.5674212154388427,
    0.5667904236984252,
    0.559584857635498,
    0.5582787369728088,
    0.5581476321411133,
    0.5537592551422119
  ],
  "val_losses": [
    0.01712610257267952,
    0.015282386845350266,
    0.012947659710049629,
    0.011911902543902397,
    0.011421788084506989,
    0.011742945730686188,
    0.010646603354811669,
    0.010411174443364143,
    0.010150107514858247,
    0.009974492487311363,
    0.009656109169125557,
    0.009492062073946,
    0.009439337533712388,
    0.009385874783992767,
    0.008931661650538445,
    0.009192878898978234,
    0.00886970467120409,
    0.008932389472424983,
    0.008839303767681122,
    0.00854248698502779,
    0.009245933897793292,
    0.009468449133634567,
    0.00846665827780962,
    0.00879596153795719,
    0.008178075140714645,
    0.008268299852311612,
    0.00881431421637535,
    0.008099930121004581,
    0.008048015141487121,
    0.00840668773651123
  ],
  "val_accuracies": [
    60.32,
    66.0,
    70.69,
    73.33,
    74.12,
    74.27,
    76.53,
    77.05,
    77.76,
    78.7,
    78.81,
    79.42,
    79.3,
    79.36,
    80.23,
    79.9,
    80.47,
    80.53,
    80.72,
    81.19,
    80.34,
    79.74,
    81.49,
    81.05,
    81.96,
    81.86,
    81.01,
    82.15,
    82.51,
    81.96
  ],
  "best_accuracy": 82.51,
  "percentage": 1.0,
  "combo": "flip_rotation"
}