{
  "train_losses": [
    1.7590787728881836,
    1.4500900102996825,
    1.3179347077941894,
    1.225255994682312,
    1.1604766509628295,
    1.0885162278747558,
    1.0326447734832764,
    1.0167527256774902,
    0.9907006146621704,
    0.9439218224334717,
    0.9233414232635498,
    0.8854049277114868,
    0.877914418258667,
    0.8503455437850952,
    0.82196222366333,
    0.8136739678382874,
    0.7988492610549927,
    0.7766908038139343,
    0.7581485380363464,
    0.7340236582565307,
    0.7168441031265259,
    0.7016280865478516,
    0.6974509066581726,
    0.6874507542610169,
    0.6543741000366211,
    0.6496411826133728,
    0.6395295625400543,
    0.6411350012397766,
    0.624295583152771,
    0.6123090576171875
  ],
  "val_losses": [
    0.021900772559642793,
    0.019419962763786314,
    0.018516294580698013,
    0.016353044897317887,
    0.016967014449834825,
    0.015769783693552017,
    0.015405260229110717,
    0.014083306413888932,
    0.014067633014917374,
    0.013992393773794173,
    0.013603436863422394,
    0.013874304294586182,
    0.012765416738390923,
    0.012979786431789398,
    0.012555032557249069,
    0.012615342801809312,
    0.013068981355428696,
    0.012738265359401703,
    0.012134384259581566,
    0.012501280501484871,
    0.01144826387166977,
    0.012225526091456414,
    0.011931808415055275,
    0.011824725037813186,
    0.01143103649020195,
    0.011979807090759277,
    0.01138392670750618,
    0.011783297643065453,
    0.010995127531886102,
    0.011997550147771836
  ],
  "val_accuracies": [
    47.62,
    55.44,
    57.61,
    63.38,
    60.84,
    63.96,
    65.07,
    68.26,
    68.75,
    68.58,
    69.34,
    68.83,
    71.76,
    70.78,
    72.05,
    72.02,
    70.92,
    72.12,
    73.07,
    72.56,
    74.66,
    73.32,
    73.71,
    74.2,
    75.53,
    74.48,
    75.04,
    75.01,
    76.38,
    74.41
  ],
  "best_accuracy": 76.38,
  "percentage": 0.25,
  "combo": "flip_rotation"
}