{
  "train_losses": [
    1.6646014865112304,
    1.3104297797393798,
    1.1403151828193665,
    1.0310690338516235,
    0.9438231475067139,
    0.8845691575431823,
    0.811651714553833,
    0.7390455974197387,
    0.6873408430862427,
    0.6359988343334197,
    0.5922336704063416,
    0.532122290172577,
    0.4909899394416809,
    0.4533449073123932,
    0.40913740173339846,
    0.36656769154548646,
    0.3197417471551895,
    0.29497201707839965,
    0.2823018292808533,
    0.25893472705841064,
    0.2704651090812683,
    0.1951272603082657,
    0.1870469673705101,
    0.17145448875904085,
    0.17027288585662842,
    0.1684549367713928,
    0.1608639733362198,
    0.1523641986656189,
    0.14857575299263,
    0.14349443031311035
  ],
  "val_losses": [
    0.020858864760398863,
    0.017669815504550934,
    0.017084267073869706,
    0.016891178387403488,
    0.01765522998571396,
    0.015652138072252273,
    0.015354701036214828,
    0.014301535129547118,
    0.014745638245344162,
    0.013269431033730506,
    0.01415039320886135,
    0.015284655690193176,
    0.013725520277023315,
    0.014364846593141556,
    0.014034315648674965,
    0.014994153150916099,
    0.014894929885864258,
    0.015075936564803124,
    0.017849148428440095,
    0.015660734874010086,
    0.01606899114251137,
    0.015743863344192505,
    0.016185379183292388,
    0.018716742140054702,
    0.017735851228237152,
    0.017640741521120072,
    0.017373710829019548,
    0.016959834876656532,
    0.01839596735239029,
    0.01860153144001961
  ],
  "val_accuracies": [
    51.4,
    59.66,
    60.33,
    61.83,
    62.14,
    64.79,
    65.93,
    69.09,
    68.0,
    71.09,
    69.57,
    68.0,
    71.22,
    70.68,
    72.34,
    71.35,
    71.48,
    72.29,
    67.76,
    72.04,
    70.67,
    72.37,
    72.35,
    69.4,
    71.0,
    71.39,
    72.13,
    72.6,
    70.97,
    71.28
  ],
  "best_accuracy": 72.6,
  "percentage": 0.25,
  "combo": "none"
}