{
  "train_losses": [
    1.7983643142700196,
    1.5064723147201537,
    1.390267956008911,
    1.3178887673950195,
    1.2443993201446533,
    1.182529359703064,
    1.1488812663650512,
    1.101154273300171,
    1.0636208954048156,
    1.0432133993911743,
    1.0070693014144898,
    0.9633500991630555,
    0.950103635597229,
    0.9417110359191895,
    0.9232599014472962,
    0.8846579656219482,
    0.8709160538101196,
    0.8448334838676452,
    0.8404845355987549,
    0.8347786934280396,
    0.8161712148857116,
    0.8016081511306763,
    0.7819323142051697,
    0.7661871562194824,
    0.7711104866600037,
    0.7396413336944581,
    0.73007427069664,
    0.7213825113296509,
    0.7246089130020141,
    0.7145555195617675
  ],
  "val_losses": [
    0.022480766439437867,
    0.02014908697605133,
    0.019077288776636125,
    0.0174821475148201,
    0.017118686801195146,
    0.016224435830116273,
    0.016121618592739105,
    0.014417761945724488,
    0.014868567085266113,
    0.015095031660795212,
    0.013756490480899811,
    0.013684870594739914,
    0.013623772153258324,
    0.013442287415266038,
    0.015159219789505005,
    0.013826980370283126,
    0.013118816196918487,
    0.01292954899072647,
    0.01313084824681282,
    0.01233792463541031,
    0.012213950794935226,
    0.012377963250875474,
    0.011883146157860756,
    0.011737513241171837,
    0.011559393042325974,
    0.01173226420879364,
    0.011541780638694763,
    0.011198934438824654,
    0.01194233354628086,
    0.011355033153295517
  ],
  "val_accuracies": [
    47.09,
    52.94,
    56.56,
    60.39,
    62.01,
    63.77,
    63.06,
    67.49,
    66.53,
    65.12,
    69.43,
    69.66,
    70.01,
    69.11,
    67.68,
    70.21,
    71.28,
    71.78,
    70.8,
    73.07,
    73.14,
    72.54,
    73.9,
    74.59,
    75.04,
    74.07,
    75.36,
    75.39,
    74.03,
    75.14
  ],
  "best_accuracy": 75.39,
  "percentage": 0.25,
  "combo": "flip_rotation_color"
}