{
  "train_losses": [
    1.831115512123108,
    1.6085344943618773,
    1.5001114623641967,
    1.4193012517547607,
    1.367696209487915,
    1.3150075891113282,
    1.2740619262695312,
    1.2402909830093385,
    1.212249997253418,
    1.1799222076797484,
    1.1628045462799073,
    1.1370750299453736,
    1.1130479084396363,
    1.1048086128997803,
    1.0761290797042846,
    1.067256098499298,
    1.0603061718559266,
    1.0391538628768922,
    1.0114913953781128,
    1.0075439544677733,
    1.0022896682929994,
    0.9883598150444031,
    0.9754709824752807,
    0.9612713768386841,
    0.9637872254371643,
    0.9478128489303589,
    0.9424850923538208,
    0.9413119955253602,
    0.9273616334152222,
    0.9200779231452942
  ],
  "val_losses": [
    0.026825135838985444,
    0.020402266263961792,
    0.019872105407714842,
    0.017453002363443375,
    0.017333068042993546,
    0.016366796916723252,
    0.015319819331169129,
    0.01497288817167282,
    0.014473051369190216,
    0.015351697927713395,
    0.014174205535650254,
    0.014178891015052795,
    0.012819400373101234,
    0.01284744685292244,
    0.012439274787902832,
    0.012788744246959687,
    0.012601532506942749,
    0.01221392462849617,
    0.011889175724983216,
    0.012154002237319946,
    0.011481360962986947,
    0.011138897758722306,
    0.011733043265342712,
    0.011777549412846566,
    0.012087863957881927,
    0.011737693810462952,
    0.011194151893258095,
    0.011214531126618386,
    0.010444085153937339,
    0.011611957642436027
  ],
  "val_accuracies": [
    37.58,
    52.14,
    53.03,
    59.38,
    60.35,
    61.74,
    65.13,
    65.77,
    66.98,
    65.37,
    68.08,
    67.54,
    71.42,
    71.37,
    72.23,
    71.67,
    71.87,
    72.92,
    73.93,
    73.34,
    74.64,
    75.38,
    74.51,
    73.43,
    73.2,
    74.51,
    75.37,
    75.29,
    76.83,
    74.6
  ],
  "best_accuracy": 76.83,
  "percentage": 0.5,
  "combo": "full"
}