{
  "train_losses": [
    1.6326373159027099,
    1.322489630317688,
    1.1892242506408692,
    1.1027426623153687,
    1.0460627686309814,
    0.993212428264618,
    0.9414115209197998,
    0.9108679764175415,
    0.8814442048645019,
    0.8656639538383484,
    0.8365551038742065,
    0.8103583546638489,
    0.7903442064094544,
    0.7772169136428833,
    0.754584409942627,
    0.7340977080345154,
    0.7250568620681763,
    0.7081864163589477,
    0.70117578830719,
    0.6807651398086548,
    0.6752833905792236,
    0.6721389094734191,
    0.6591156569290161,
    0.641278032245636,
    0.6281066753578186,
    0.6280592761611938,
    0.6194208477687836,
    0.6107783995819092,
    0.600137291021347,
    0.5928674205017089
  ],
  "val_losses": [
    0.021352518117427825,
    0.018150891363620757,
    0.01570144571661949,
    0.01562897532582283,
    0.013882160663604736,
    0.013461902606487275,
    0.012971807447075843,
    0.013192605105042457,
    0.012158046391606331,
    0.011772033178806304,
    0.011479333832859992,
    0.011334718644618987,
    0.01146747286617756,
    0.011484084057807922,
    0.010777167111635209,
    0.011409025835990906,
    0.010800400796532631,
    0.010819254502654075,
    0.010484147635102272,
    0.010385125896334647,
    0.010295130068063736,
    0.010264017695188522,
    0.010209148919582366,
    0.009560183826088905,
    0.00994833924472332,
    0.009709141784906387,
    0.009618724429607392,
    0.010853021448850631,
    0.009691645401716232,
    0.01006209092438221
  ],
  "val_accuracies": [
    49.56,
    57.29,
    64.51,
    64.98,
    68.93,
    69.3,
    70.97,
    70.63,
    73.27,
    74.47,
    75.22,
    74.85,
    75.05,
    74.5,
    76.14,
    75.66,
    76.33,
    76.36,
    76.71,
    77.25,
    77.67,
    77.97,
    77.8,
    79.26,
    78.21,
    78.33,
    78.79,
    77.27,
    79.12,
    78.12
  ],
  "best_accuracy": 79.26,
  "percentage": 0.5,
  "combo": "flip_rotation"
}