{
  "train_losses": [
    1.5040847623443603,
    1.1530948044586182,
    1.003292841644287,
    0.9054677600479126,
    0.8319353447723389,
    0.7702723288536072,
    0.7072357397842407,
    0.6619835035705567,
    0.6062242885017395,
    0.5662242441463471,
    0.5276386617851258,
    0.4897289702606201,
    0.45682706990242006,
    0.41319682844161987,
    0.3779119549369812,
    0.3494977282142639,
    0.329968436422348,
    0.3069864391422272,
    0.2755488395214081,
    0.26152511174201964,
    0.24963933435440064,
    0.2392296618270874,
    0.2307546581363678,
    0.21110866885185242,
    0.19037652095794677,
    0.1930345030260086,
    0.19247149630069732,
    0.17580414647579193,
    0.1793470830821991,
    0.17348432012557982
  ],
  "val_losses": [
    0.018616078692674638,
    0.015854929119348524,
    0.014827355653047561,
    0.012945556211471558,
    0.013594645464420319,
    0.012438731145858764,
    0.013404184871912002,
    0.012219206666946411,
    0.011774666011333465,
    0.011672566422820092,
    0.011355835762619972,
    0.012117495566606521,
    0.012173017847537994,
    0.01274336359500885,
    0.011890809172391891,
    0.012964905315637588,
    0.01233971793949604,
    0.012479587924480439,
    0.012269022861123085,
    0.013248235601186752,
    0.013442630302906036,
    0.013385929498076439,
    0.013219931435585022,
    0.013705645048618317,
    0.014238112154603005,
    0.014602444469928741,
    0.01418238011598587,
    0.014811410275101662,
    0.016474639701843263,
    0.014226310729980469
  ],
  "val_accuracies": [
    57.35,
    64.08,
    65.97,
    71.04,
    69.96,
    72.51,
    70.81,
    72.78,
    74.33,
    75.4,
    75.37,
    74.45,
    74.29,
    74.43,
    75.84,
    73.84,
    75.42,
    75.47,
    76.32,
    75.84,
    75.24,
    75.34,
    76.16,
    74.9,
    75.17,
    74.83,
    75.2,
    75.13,
    73.87,
    75.97
  ],
  "best_accuracy": 76.32,
  "percentage": 0.5,
  "combo": "none"
}