{
  "lr": 0.01,
  "label": "LR=0.01   (higher)",
  "train_losses": [
    2.0664572443008424,
    1.5073069820404053,
    1.3126498701095581,
    1.2329237915039062,
    1.2031827843475342,
    1.171820560684204,
    1.1439471915245056,
    1.1380264436340333,
    1.1256783800506591,
    1.1116742120361327,
    1.0971674542617798,
    1.0940520205307007,
    1.0834776987075805,
    1.0722742721176148,
    1.0657636614990234,
    1.0617354711341858,
    1.0530767641067504,
    1.0510140522766114,
    1.0560263555145264,
    1.0529868907928466,
    1.049860241546631,
    1.0468289185523987,
    1.0431917926979064,
    1.0445995016098022,
    1.0352057757949829,
    1.0308206717300414,
    1.0336357258605957,
    1.0316865363693237,
    1.0238880333328246,
    1.0213564317893982
  ],
  "val_losses": [
    0.023755608928203584,
    0.02121712418794632,
    0.01784932433962822,
    0.017346497589349745,
    0.016954291129112245,
    0.017504526180028915,
    0.01631801148056984,
    0.017715469324588777,
    0.0173951887011528,
    0.015562191945314408,
    0.016410167014598846,
    0.025600634622573854,
    0.016589952605962754,
    0.020400110107660293,
    0.0157925334751606,
    0.014468441826105119,
    0.01563534671664238,
    0.015331078976392746,
    0.014956551319360733,
    0.01603169084787369,
    0.015749963545799255,
    0.016782855212688446,
    0.017183733242750167,
    0.017284894567728044,
    0.015130102646350861,
    0.01578660123348236,
    0.01662721580862999,
    0.015366779786348343,
    0.01441424931883812,
    0.01522916025519371
  ],
  "val_accs": [
    43.3,
    50.43,
    59.26,
    60.51,
    61.67,
    60.85,
    63.33,
    60.85,
    61.68,
    65.13,
    62.85,
    48.95,
    62.34,
    56.69,
    64.56,
    68.19,
    65.63,
    66.05,
    67.38,
    64.37,
    65.35,
    63.41,
    62.56,
    62.22,
    66.81,
    65.68,
    63.85,
    65.98,
    68.4,
    66.6
  ],
  "best_accuracy": 68.4
}