{
  "lr": 0.0001,
  "label": "LR=0.0001 (lower)",
  "train_losses": [
    1.445773013381958,
    1.0801657637023925,
    0.9424012577819825,
    0.8535678223514557,
    0.7903722484779357,
    0.7294313171768189,
    0.681590178527832,
    0.6400926659584045,
    0.6010283144378662,
    0.5612098885726928,
    0.5295372394752502,
    0.497660617275238,
    0.46835821563720703,
    0.4388406173706055,
    0.41174227663993834,
    0.38747209674835204,
    0.36226192296981813,
    0.33975064442634584,
    0.3182008073043823,
    0.2951921462059021,
    0.28145366718292236,
    0.25992290855884553,
    0.246730903134346,
    0.22901578656196594,
    0.21162379190921785,
    0.20020602370738982,
    0.1898088730573654,
    0.17652589666962623,
    0.16385102170944213,
    0.1527586186528206
  ],
  "val_losses": [
    0.01813034228682518,
    0.015173067992925645,
    0.014122955679893493,
    0.012716511046886444,
    0.01294362843632698,
    0.012258928203582764,
    0.011679110658168793,
    0.01146362819969654,
    0.011326078206300735,
    0.011569217312335968,
    0.010902301278710365,
    0.010954814514517784,
    0.010854666662216187,
    0.011661707562208176,
    0.010736694100499154,
    0.011123851600289345,
    0.011112329739332199,
    0.011790811681747436,
    0.010782012364268304,
    0.012003029802441598,
    0.012118124133348465,
    0.011551089119911194,
    0.011768692180514335,
    0.011743823426961899,
    0.012837483820319176,
    0.012593243351578713,
    0.012529443135857582,
    0.013178391402959823,
    0.01316150486767292,
    0.012978038370609284
  ],
  "val_accs": [
    59.34,
    66.04,
    68.47,
    71.62,
    70.83,
    72.97,
    74.18,
    74.48,
    74.55,
    74.4,
    76.23,
    75.86,
    76.37,
    75.07,
    76.76,
    76.69,
    76.35,
    75.6,
    77.45,
    76.27,
    75.44,
    77.26,
    76.83,
    77.31,
    76.06,
    76.24,
    76.82,
    76.78,
    76.05,
    76.93
  ],
  "best_accuracy": 77.45
}