{
  "lr": 0.05,
  "label": "LR=0.05   (very high)",
  "train_losses": [
    3.7056020128631593,
    2.290758137664795,
    2.1276501330566404,
    2.054317317733765,
    2.0106419064331056,
    1.976788098449707,
    1.9636361017990112,
    1.9505408978652954,
    1.9496662574005128,
    1.9545577381896972,
    1.949736368331909,
    1.9615180017471314,
    1.9819041692352295,
    2.035986602897644,
    2.0266990437316896,
    1.9734062578582763,
    1.9884601455688478,
    1.9926936277008056,
    1.986171322517395,
    1.9748291226196288,
    1.9875011866760255,
    1.9840105475616454,
    1.990877974472046,
    1.993513231124878,
    1.9904516500473022,
    1.969270232772827,
    1.9842180376052856,
    1.9564706731414796,
    1.979798526916504,
    1.9736117918395997
  ],
  "val_losses": [
    0.036389428782463075,
    0.03360584738254547,
    0.030626196110248565,
    0.031039768636226654,
    0.029276259875297545,
    0.029507362771034242,
    0.029904872596263884,
    0.029460497641563416,
    0.030229602074623108,
    0.029037277126312256,
    0.028940032136440277,
    0.030467870557308197,
    0.03108211052417755,
    0.03102091120481491,
    0.030955216431617735,
    0.03435758502483368,
    0.02965312225818634,
    0.02982735424041748,
    0.028777351665496827,
    0.02976091811656952,
    0.029645609760284426,
    0.03004721896648407,
    0.02965555465221405,
    0.028984038019180296,
    0.029382789266109467,
    0.030483228194713594,
    0.028727363586425782,
    0.02831527292728424,
    0.02977634689807892,
    0.048747056078910826
  ],
  "val_accs": [
    10.0,
    19.07,
    18.9,
    20.32,
    24.66,
    22.92,
    25.17,
    24.3,
    25.81,
    25.1,
    25.79,
    21.59,
    24.05,
    20.54,
    20.48,
    15.6,
    21.18,
    23.2,
    26.28,
    22.37,
    24.53,
    23.45,
    23.93,
    25.38,
    24.71,
    22.54,
    24.4,
    24.11,
    22.06,
    20.45
  ],
  "best_accuracy": 26.28
}