{
  "lr": 0.001,
  "label": "LR=0.001  (baseline)",
  "train_losses": [
    1.3441519040489196,
    0.9979454481506348,
    0.8561808313369751,
    0.778903952178955,
    0.7110631323242188,
    0.6546381912994385,
    0.6035913576507569,
    0.5604889873123169,
    0.5247580369663238,
    0.49520998421669005,
    0.4607743626689911,
    0.4384320959472656,
    0.4107028650283813,
    0.38620209351539614,
    0.3648807207775116,
    0.3507331729602814,
    0.3331509113550186,
    0.32079292901039125,
    0.30456414590835573,
    0.28961863938331606,
    0.2835126725292206,
    0.2738727633523941,
    0.2635251629638672,
    0.2576770713233948,
    0.2525014202785492,
    0.24667891847610474,
    0.24198791172027587,
    0.23652869212627411,
    0.2314768093585968,
    0.22944230009555816
  ],
  "val_losses": [
    0.015362963557243347,
    0.013549094992876053,
    0.012565063190460204,
    0.01214794870018959,
    0.011332983267307282,
    0.010370926207304001,
    0.009917948925495147,
    0.009707853975892067,
    0.010731597864627839,
    0.009971148476004601,
    0.010028448256850243,
    0.00992397868335247,
    0.009745179721713066,
    0.011374210533499718,
    0.009928497818112373,
    0.009849807426333427,
    0.0097128611728549,
    0.009923905108869075,
    0.010004585985839367,
    0.010771775078773499,
    0.010328361661732196,
    0.01075906670242548,
    0.010917365863919257,
    0.01032782343775034,
    0.010832904332876205,
    0.01067517491877079,
    0.010475728687644004,
    0.010904905587434769,
    0.010620812910795212,
    0.011192255219817161
  ],
  "val_accs": [
    65.17,
    69.02,
    72.28,
    72.81,
    75.27,
    76.87,
    78.07,
    78.8,
    76.77,
    78.09,
    78.48,
    78.8,
    78.94,
    76.47,
    78.67,
    80.17,
    80.19,
    79.24,
    79.62,
    79.0,
    79.46,
    78.63,
    79.14,
    79.46,
    78.74,
    79.16,
    79.3,
    79.57,
    79.46,
    78.28
  ],
  "best_accuracy": 80.19
}